,stream_time,seconds,time2
0,1:43:04,703,11:43
1,1:43:07,703,11:43
2,1:43:11,703,11:43
3,1:43:14,713,11:53
4,1:43:18,719,11:59
5,1:43:21,723,12:03
6,1:43:25,723,12:03
7,1:43:29,729,12:09
8,1:43:32,735,12:15
9,1:43:36,735,12:15
10,1:43:39,739,12:19
11,1:43:43,745,12:25
12,1:43:46,749,12:29
13,1:43:50,749,12:29
14,1:43:54,755,12:35
15,1:43:57,759,12:39
16,1:44:01,759,12:39
17,1:44:05,684,11:24
18,1:44:08,769,12:49
19,1:44:12,775,12:55
20,1:44:15,775,12:55
21,1:44:19,779,12:59
22,1:44:23,785,13:05
23,1:44:26,785,13:05
24,1:44:30,789,13:09
25,1:44:33,795,13:15
26,1:44:37,799,13:19
27,1:44:41,799,13:19
28,1:44:44,805,13:25
29,1:44:55,693,11:33
30,1:44:58,819,13:39
31,1:45:02,819,13:39
32,1:45:05,1894,31:34
33,1:45:09,694,11:34
34,1:45:23,6012,40:12
35,1:45:27,6012,40:12
36,1:45:31,851,14:11
37,1:45:34,855,14:15
38,1:45:38,861,14:21
39,1:45:41,861,14:21
40,1:45:45,865,14:25
41,1:45:55,703,11:43
42,1:46:28,0,00:00
43,1:46:31,0,00:00
44,1:46:35,3,00:03
45,1:46:46,48,00:48
46,1:46:50,12,00:12
47,1:46:54,28,00:28
48,1:46:57,28,00:28
49,1:47:01,34,00:34
50,1:47:05,38,00:38
51,1:47:08,44,00:44
52,1:47:12,44,00:44
53,1:47:16,50,00:50
54,1:47:19,54,00:54
55,1:47:23,54,00:54
56,1:47:27,60,01:00
57,1:47:30,64,01:04
58,1:47:34,151,02:31
59,1:47:37,151,02:31
60,1:47:41,151,02:31
61,1:47:45,80,01:20
62,1:47:48,80,01:20
63,1:47:51,84,01:24
64,1:47:55,103,01:43
65,1:47:58,94,01:34
66,1:48:02,94,01:34
67,1:48:05,100,01:40
68,1:48:09,104,01:44
69,1:48:12,104,01:44
70,1:48:16,110,01:50
71,1:48:19,115,01:55
72,1:48:23,115,01:55
73,1:48:26,120,02:00
74,1:48:30,124,02:04
75,1:48:33,124,02:04
76,1:48:36,130,02:10
77,1:48:40,134,02:14
78,1:48:44,134,02:14
79,1:48:47,140,02:20
80,1:48:51,144,02:24
81,1:48:54,200,03:20
82,1:48:58,200,03:20
83,1:49:02,154,02:34
84,1:49:05,160,02:40
85,1:49:09,160,02:40
86,1:49:13,166,02:46
87,1:49:16,170,02:50
88,1:49:20,176,02:56
89,1:49:24,176,02:56
90,1:49:27,190,03:10
91,1:49:31,186,03:06
92,1:49:34,186,03:06
93,1:49:37,190,03:10
94,1:49:41,196,03:16
95,1:49:44,196,03:16
96,1:49:47,200,03:20
97,1:49:51,506,08:26
98,1:49:55,210,03:30
99,1:49:59,210,03:30
100,1:50:02,216,03:36
101,1:50:06,220,03:40
102,1:50:09,220,03:40
103,1:50:13,228,03:48
104,1:50:16,230,03:50
105,1:50:20,238,03:58
106,1:50:23,238,03:58
107,1:50:26,240,04:00
108,1:50:29,240,04:00
109,1:50:33,248,04:08
110,1:50:36,280,04:40
111,1:50:39,280,04:40
112,1:50:43,256,04:16
113,1:50:47,260,04:20
114,1:50:51,268,04:28
115,1:50:54,268,04:28
116,1:50:57,272,04:32
117,1:51:01,276,04:36
118,1:51:05,276,04:36
119,1:51:08,282,04:42
120,1:51:12,286,04:46
121,1:51:15,292,04:52
122,1:51:19,292,04:52
123,1:51:22,296,04:56
124,1:51:26,300,05:00
125,1:51:29,300,05:00
126,1:51:37,342,05:42
127,1:51:40,342,05:42
128,1:51:43,316,05:16
129,1:51:47,322,05:22
130,1:51:50,322,05:22
131,1:51:54,326,05:26
132,1:51:57,332,05:32
133,1:52:01,336,05:36
134,1:52:04,336,05:36
135,1:52:07,342,05:42
136,1:52:11,346,05:46
137,1:52:14,346,05:46
138,1:52:17,352,05:52
139,1:52:21,356,05:56
140,1:52:25,356,05:56
141,1:52:28,362,06:02
142,1:52:32,366,06:06
143,1:52:35,366,06:06
144,1:52:42,376,06:16
145,1:52:46,376,06:16
146,1:52:49,382,06:22
147,1:52:53,388,06:28
148,1:52:57,392,06:32
149,1:53:00,392,06:32
150,1:53:03,398,06:38
151,1:53:07,402,06:42
152,1:53:11,402,06:42
153,1:53:14,408,06:48
154,1:53:18,412,06:52
155,1:53:21,412,06:52
156,1:53:24,418,06:58
157,1:53:35,428,07:08
158,1:53:39,121,02:01
159,1:53:42,140,02:20
160,1:53:46,140,02:20
161,1:53:50,442,07:22
162,1:53:54,448,07:28
163,1:53:57,452,07:32
164,1:54:01,452,07:32
165,1:54:04,218,03:38
166,1:54:07,462,07:42
167,1:54:11,462,07:42
168,1:54:15,1874,31:14
169,1:54:18,1875,31:15
170,1:54:22,1875,31:15
171,1:54:29,482,08:02
172,1:54:32,680,11:20
173,1:54:36,680,11:20
174,1:54:39,492,08:12
175,1:54:43,681,11:21
176,1:54:46,681,11:21
177,1:54:50,504,08:24
178,1:55:01,683,11:23
179,1:55:04,518,08:38
180,1:55:16,528,08:48
181,1:55:23,685,11:25
182,1:55:27,685,11:25
183,1:55:30,690,11:30
184,1:55:34,1148,19:08
185,1:55:37,1148,19:08
186,1:55:41,554,09:14
187,1:55:44,558,09:18
188,1:55:48,564,09:24
189,1:55:51,564,09:24
190,1:55:55,568,09:28
191,1:56:09,694,11:34
192,1:56:12,694,11:34
193,1:56:16,694,11:34
194,1:56:20,1895,31:35
195,1:56:24,695,11:35
196,1:56:27,695,11:35
197,1:56:34,610,10:10
198,1:56:38,610,10:10
199,1:57:00,3,00:03
200,1:57:15,5,00:05
201,1:57:29,2,00:02
202,1:57:33,2,00:02
203,1:57:37,3,00:03
204,1:57:40,42,00:42
205,1:57:43,42,00:42
206,1:57:47,48,00:48
207,1:57:51,22,00:22
208,1:57:55,12,00:12
209,1:57:58,12,00:12
210,1:58:02,32,00:32
211,1:58:06,38,00:38
212,1:58:09,42,00:42
213,1:58:13,42,00:42
214,1:58:17,48,00:48
215,1:58:21,52,00:52
216,1:58:25,53,00:53
217,1:58:29,53,00:53
218,1:58:32,64,01:04
219,1:58:36,68,01:08
220,1:58:40,74,01:14
221,1:58:44,74,01:14
222,1:58:48,78,01:18
223,1:58:51,102,01:42
224,1:58:55,88,01:28
225,1:58:59,88,01:28
226,1:59:28,0,00:00
227,1:59:42,3,00:03
228,1:59:50,1,00:01
229,1:59:54,1,00:01
230,2:00:08,0,00:00
231,2:00:12,6,00:06
232,2:00:16,41,00:41
233,2:00:20,41,00:41
234,2:00:23,16,00:16
235,2:00:27,22,00:22
236,2:00:30,26,00:26
237,2:00:34,26,00:26
238,2:00:37,82,01:22
239,2:00:41,36,00:36
240,2:00:45,36,00:36
241,2:00:49,42,00:42
242,2:00:52,46,00:46
243,2:00:56,52,00:52
244,2:01:00,52,00:52
245,2:01:04,56,00:56
246,2:01:08,100,01:40
247,2:01:11,66,01:06
248,2:01:15,66,01:06
249,2:01:18,72,01:12
250,2:01:21,76,01:16
251,2:01:25,76,01:16
252,2:01:29,82,01:22
253,2:01:32,102,01:42
254,2:01:36,92,01:32
255,2:01:40,92,01:32
256,2:01:44,103,01:43
257,2:01:48,102,01:42
258,2:01:51,106,01:46
259,2:01:55,106,01:46
260,2:01:59,112,01:52
261,2:02:03,116,01:56
262,2:02:06,122,02:02
263,2:02:10,122,02:02
264,2:02:14,128,02:08
265,2:02:18,132,02:12
266,2:02:22,138,02:18
267,2:02:25,138,02:18
268,2:02:29,142,02:22
269,2:02:33,148,02:28
270,2:02:54,4,00:04
271,2:03:12,4,00:04
272,2:03:16,4,00:04
273,2:03:30,6,00:06
274,2:03:33,12,00:12
275,2:03:37,61,01:01
276,2:03:40,61,01:01
277,2:03:44,22,00:22
278,2:03:48,26,00:26
279,2:03:51,26,00:26
280,2:03:55,82,01:22
281,2:03:58,86,01:26
282,2:04:01,86,01:26
283,2:04:05,21,00:21
284,2:04:09,48,00:48
285,2:04:12,52,00:52
286,2:04:16,52,00:52
287,2:04:34,3,00:03
288,2:04:37,9,00:09
289,2:04:41,9,00:09
290,2:04:45,41,00:41
291,2:04:49,49,00:49
292,2:04:52,49,00:49
293,2:04:56,22,00:22
294,2:04:59,29,00:29
295,2:05:03,33,00:33
296,2:05:06,33,00:33
297,2:05:21,0,00:00
298,2:05:39,3,00:03
299,2:05:43,3,00:03
300,2:05:54,4,00:04
301,2:05:58,4,00:04
302,2:06:02,8,00:08
303,2:06:31,1,00:01
304,2:06:45,5,00:05
305,2:06:48,91,01:31
306,2:06:52,91,01:31
307,2:06:55,45,00:45
308,2:07:06,2,00:02
309,2:07:09,6,00:06
310,2:07:13,6,00:06
311,2:07:20,1,00:01
312,2:07:24,1,00:01
313,2:07:31,0,00:00
314,2:07:35,6,00:06
315,2:07:39,6,00:06
316,2:07:46,2,00:02
317,2:07:57,0,00:00
318,2:08:08,0,00:00
319,2:08:11,6,00:06
320,2:08:15,10,00:10
321,2:08:19,10,00:10
322,2:08:23,16,00:16
323,2:08:37,1,00:01
324,2:08:52,3,00:03
325,2:08:56,7,00:07
326,2:09:00,7,00:07
327,2:09:03,13,00:13
328,2:09:07,17,00:17
329,2:09:11,23,00:23
330,2:09:15,23,00:23
331,2:09:19,27,00:27
332,2:09:22,33,00:33
333,2:09:26,37,00:37
334,2:09:30,37,00:37
335,2:09:48,3,00:03
336,2:09:52,7,00:07
337,2:09:56,43,00:43
338,2:10:00,43,00:43
339,2:10:07,23,00:23
340,2:10:11,27,00:27
341,2:10:15,27,00:27
342,2:10:18,83,01:23
343,2:10:22,37,00:37
344,2:10:26,43,00:43
345,2:10:29,43,00:43
346,2:10:33,43,00:43
347,2:10:36,53,00:53
348,2:10:40,53,00:53
349,2:10:44,57,00:57
350,2:10:48,68,01:08
351,2:10:51,67,01:07
352,2:10:54,67,01:07
353,2:10:58,73,01:13
354,2:11:02,77,01:17
355,2:11:05,77,01:17
356,2:11:09,83,01:23
357,2:11:12,87,01:27
358,2:11:16,93,01:33
359,2:11:20,93,01:33
360,2:11:24,97,01:37
361,2:11:28,108,01:48
362,2:11:32,109,01:49
363,2:11:36,109,01:49
364,2:11:39,113,01:53
365,2:11:43,105,01:45
366,2:11:47,123,02:03
367,2:11:51,123,02:03
368,2:11:55,129,02:09
369,2:11:58,151,02:31
370,2:12:02,139,02:19
371,2:12:06,139,02:19
372,2:12:09,143,02:23
373,2:12:13,149,02:29
374,2:12:16,149,02:29
375,2:12:20,153,02:33
376,2:12:24,159,02:39
377,2:12:28,163,02:43
378,2:12:32,163,02:43
379,2:12:35,169,02:49
380,2:12:39,173,02:53
381,2:12:43,173,02:53
382,2:12:47,173,02:53
383,2:12:51,190,03:10
384,2:12:54,190,03:10
385,2:12:58,523,08:43
386,2:13:01,523,08:43
387,2:13:05,524,08:44
388,2:13:08,203,03:23
389,2:13:12,203,03:23
390,2:13:15,576,09:36
391,2:13:19,265,04:25
392,2:13:22,219,03:39
393,2:13:26,219,03:39
394,2:13:29,634,10:34
395,2:13:33,194,03:14
396,2:13:36,194,03:14
397,2:13:40,635,10:35
398,2:13:43,1835,30:35
399,2:13:47,1835,30:35
400,2:13:50,243,04:03
401,2:13:54,249,04:09
402,2:14:01,641,10:41
403,2:14:04,641,10:41
404,2:14:08,265,04:25
405,2:14:11,265,04:25
406,2:14:15,269,04:29
407,2:14:18,643,10:43
408,2:14:22,643,10:43
409,2:14:25,643,10:43
410,2:14:29,1844,30:44
411,2:14:32,1844,30:44
412,2:14:54,309,05:09
413,2:14:57,309,05:09
414,2:15:04,651,10:51
415,2:15:08,651,10:51
416,2:15:15,331,05:31
417,2:15:19,335,05:35
418,2:15:22,335,05:35
419,2:15:39,355,05:55
420,2:15:43,355,05:55
421,2:15:47,660,11:00
422,2:16:01,375,06:15
423,2:16:04,381,06:21
424,2:16:08,381,06:21
425,2:16:15,391,06:31
426,2:16:19,391,06:31
427,2:16:22,395,06:35
428,2:16:26,1861,31:01
429,2:16:41,1865,31:05
430,2:16:44,670,11:10
431,2:16:48,670,11:10
432,2:16:51,425,07:05
433,2:16:55,480,08:00
434,2:16:59,480,08:00
435,2:17:02,671,11:11
436,2:17:06,632,10:32
437,2:17:09,447,07:27
438,2:17:12,447,07:27
439,2:17:16,673,11:13
440,2:17:26,466,07:46
441,2:17:29,915,15:15
442,2:17:33,915,15:15
443,2:18:02,3,00:03
444,2:18:06,7,00:07
445,2:18:10,7,00:07
446,2:18:13,43,00:43
447,2:18:17,47,00:47
448,2:18:21,23,00:23
449,2:18:24,23,00:23
450,2:18:28,27,00:27
451,2:18:31,33,00:33
452,2:18:35,37,00:37
453,2:18:38,37,00:37
454,2:18:42,604,10:04
455,2:18:46,47,00:47
456,2:18:50,47,00:47
457,2:18:54,53,00:53
458,2:19:16,4,00:04
459,2:19:19,4,00:04
460,2:19:34,3,00:03
461,2:19:37,9,00:09
462,2:19:41,41,00:41
463,2:19:45,41,00:41
464,2:19:48,19,00:19
465,2:19:59,0,00:00
466,2:20:02,4,00:04
467,2:20:06,41,00:41
468,2:20:10,41,00:41
469,2:20:21,2,00:02
470,2:20:25,2,00:02
471,2:20:29,8,00:08
472,2:20:39,1,00:01
473,2:20:42,5,00:05
474,2:20:46,5,00:05
475,2:20:53,1,00:01
476,2:20:57,5,00:05
477,2:21:01,5,00:05
478,2:21:08,1,00:01
479,2:21:12,7,00:07
480,2:21:15,7,00:07
481,2:21:19,11,00:11
482,2:21:23,17,00:17
483,2:21:26,17,00:17
484,2:21:30,21,00:21
485,2:21:34,27,00:27
486,2:21:37,31,00:31
487,2:21:41,31,00:31
488,2:21:45,8,00:08
489,2:21:49,41,00:41
490,2:21:53,43,00:43
491,2:21:56,43,00:43
492,2:22:00,61,01:01
493,2:22:04,57,00:57
494,2:22:07,100,01:40
495,2:22:11,100,01:40
496,2:22:14,67,01:07
497,2:22:18,71,01:11
498,2:22:22,71,01:11
499,2:22:26,81,01:21
500,2:22:29,81,01:21
501,2:22:44,1,00:01
502,2:22:47,1,00:01
503,2:22:51,7,00:07
504,2:22:55,11,00:11
505,2:22:58,92,01:32
506,2:23:02,92,01:32
507,2:23:06,21,00:21
508,2:23:09,27,00:27
509,2:23:13,81,01:21
510,2:23:16,81,01:21
511,2:23:20,37,00:37
512,2:23:23,41,00:41
513,2:23:27,41,00:41
514,2:23:31,14,00:14
515,2:23:34,61,01:01
516,2:23:38,57,00:57
517,2:23:41,57,00:57
518,2:23:45,61,01:01
519,2:23:49,67,01:07
520,2:23:52,67,01:07
521,2:23:56,71,01:11
522,2:23:59,77,01:17
523,2:24:03,102,01:42
524,2:24:06,102,01:42
525,2:24:10,87,01:27
526,2:24:13,91,01:31
527,2:24:17,91,01:31
528,2:24:21,97,01:37
529,2:24:24,101,01:41
530,2:24:28,101,01:41
531,2:24:32,107,01:47
532,2:24:46,123,02:03
533,2:24:50,127,02:07
534,2:24:54,133,02:13
535,2:24:57,133,02:13
536,2:25:01,137,02:17
537,2:25:05,148,02:28
538,2:25:09,622,10:22
539,2:25:12,622,10:22
540,2:25:16,208,03:28
541,2:25:20,157,02:37
542,2:25:24,163,02:43
543,2:25:28,163,02:43
544,2:25:31,167,02:47
545,2:25:35,173,02:53
546,2:25:38,173,02:53
547,2:25:42,177,02:57
548,2:25:46,183,03:03
549,2:25:50,187,03:07
550,2:25:54,187,03:07
551,2:25:57,193,03:13
552,2:26:01,197,03:17
553,2:26:05,192,03:12
554,2:26:09,192,03:12
555,2:26:26,674,11:14
556,2:26:29,711,11:51
557,2:26:33,711,11:51
558,2:26:37,703,11:43
559,2:26:57,674,11:14
560,2:27:01,711,11:51
561,2:27:05,711,11:51
562,2:27:08,703,11:43
563,2:27:25,674,11:14
564,2:27:28,674,11:14
565,2:27:32,711,11:51
566,2:27:36,703,11:43
567,2:27:39,703,11:43
568,2:27:42,645,10:45
569,2:27:46,303,05:03
570,2:27:50,300,05:00
571,2:27:53,300,05:00
572,2:27:57,313,05:13
573,2:28:01,319,05:19
574,2:28:05,319,05:19
575,2:28:09,325,05:25
576,2:28:13,329,05:29
577,2:28:16,653,10:53
578,2:28:19,653,10:53
579,2:28:23,339,05:39
580,2:28:27,345,05:45
581,2:28:30,345,05:45
582,2:28:34,654,10:54
583,2:28:38,355,05:55
584,2:28:41,353,05:53
585,2:28:45,353,05:53
586,2:28:49,660,11:00
587,2:28:53,369,06:09
588,2:29:04,379,06:19
589,2:29:07,385,06:25
590,2:29:10,385,06:25
591,2:29:14,62,01:02
592,2:29:21,663,11:03
593,2:29:25,663,11:03
594,2:29:29,405,06:45
595,2:29:32,664,11:04
596,2:29:36,415,06:55
597,2:29:40,415,06:55
598,2:29:47,425,07:05
599,2:29:50,425,07:05
600,2:29:54,676,11:16
601,2:29:58,435,07:15
602,2:30:02,201,03:21
603,2:30:05,201,03:21
604,2:30:09,622,10:22
605,2:30:13,451,07:31
606,2:30:16,455,07:35
607,2:30:20,455,07:35
608,2:30:23,634,10:34
609,2:30:27,74,01:14
610,2:30:31,74,01:14
611,2:30:38,235,03:55
612,2:30:41,235,03:55
613,2:30:44,481,08:01
614,2:30:48,485,08:05
615,2:30:52,681,11:21
616,2:30:56,681,11:21
617,2:30:59,495,08:15
618,2:31:03,501,08:21
619,2:31:14,683,11:23
620,2:31:18,515,08:35
621,2:31:21,515,08:35
622,2:31:25,521,08:41
623,2:31:29,1884,31:24
624,2:31:32,685,11:25
625,2:31:35,685,11:25
626,2:31:57,0,00:00
627,2:32:01,0,00:00
628,2:32:18,4,00:04
629,2:32:22,4,00:04
630,2:32:26,8,00:08
631,2:32:44,0,00:00
632,2:32:48,6,00:06
633,2:32:52,6,00:06
634,2:32:56,10,00:10
635,2:33:03,1,00:01
636,2:33:06,1,00:01
637,2:33:10,0,00:00
638,2:33:14,41,00:41
639,2:33:18,41,00:41
640,2:33:21,17,00:17
641,2:33:25,21,00:21
642,2:33:29,27,00:27
643,2:33:33,27,00:27
644,2:33:36,81,01:21
645,2:33:40,37,00:37
646,2:33:44,32,00:32
647,2:33:48,32,00:32
648,2:33:51,47,00:47
649,2:33:55,53,00:53
650,2:33:59,57,00:57
651,2:34:02,57,00:57
652,2:34:06,100,01:40
653,2:34:10,67,01:07
654,2:34:13,67,01:07
655,2:34:17,73,01:13
656,2:34:20,81,01:21
657,2:34:24,88,01:28
658,2:34:28,88,01:28
659,2:34:31,152,02:32
660,2:34:35,93,01:33
661,2:34:39,97,01:37
662,2:34:42,97,01:37
663,2:34:46,322,05:22
664,2:34:49,272,04:32
665,2:34:53,272,04:32
666,2:34:57,113,01:53
667,2:35:01,117,01:57
668,2:35:04,123,02:03
669,2:35:08,123,02:03
670,2:35:11,127,02:07
671,2:35:15,161,02:41
672,2:35:18,161,02:41
673,2:35:22,167,02:47
674,2:35:26,143,02:23
675,2:35:30,141,02:21
676,2:35:34,141,02:21
677,2:35:37,203,03:23
678,2:35:41,159,02:39
679,2:35:45,163,02:43
680,2:35:48,163,02:43
681,2:35:52,169,02:49
682,2:35:55,173,02:53
683,2:35:59,173,02:53
684,2:36:03,179,02:59
685,2:36:07,183,03:03
686,2:36:10,189,03:09
687,2:36:14,189,03:09
688,2:36:17,193,03:13
689,2:36:21,229,03:49
690,2:36:25,203,03:23
691,2:36:29,203,03:23
692,2:36:32,192,03:12
693,2:36:36,213,03:33
694,2:36:39,213,03:33
695,2:36:43,219,03:39
696,2:36:46,194,03:14
697,2:36:50,229,03:49
698,2:36:53,229,03:49
699,2:37:00,635,10:35
700,2:37:03,635,10:35
701,2:37:07,248,04:08
702,2:37:17,641,10:41
703,2:37:21,289,04:49
704,2:37:24,289,04:49
705,2:37:28,268,04:28
706,2:37:31,269,04:29
707,2:37:35,269,04:29
708,2:37:38,1843,30:43
709,2:37:45,283,04:43
710,2:37:49,283,04:43
711,2:37:52,1844,30:44
712,2:37:56,645,10:45
713,2:38:00,645,10:45
714,2:38:03,645,10:45
715,2:38:07,305,05:05
716,2:38:10,305,05:05
717,2:38:13,309,05:09
718,2:38:17,651,10:51
719,2:38:21,341,05:41
720,2:38:24,341,05:41
721,2:38:28,652,10:52
722,2:38:31,652,10:52
723,2:38:35,652,10:52
724,2:38:42,3,00:03
725,2:38:46,9,00:09
726,2:38:49,9,00:09
727,2:38:53,43,00:43
728,2:39:07,4,00:04
729,2:39:10,4,00:04
730,2:39:29,5,00:05
731,2:39:40,2,00:02
732,2:39:47,1,00:01
733,2:39:51,1,00:01
734,2:39:55,7,00:07
735,2:39:58,11,00:11
736,2:40:13,5,00:05
737,2:40:17,5,00:05
738,2:40:27,3,00:03
739,2:40:31,3,00:03
740,2:40:34,92,01:32
741,2:40:38,13,00:13
742,2:40:41,13,00:13
743,2:40:52,2,00:02
744,2:40:56,2,00:02
745,2:40:59,0,00:00
746,2:41:03,42,00:42
747,2:41:06,42,00:42
748,2:41:10,21,00:21
749,2:41:13,2,00:02
750,2:41:17,2,00:02
751,2:41:21,12,00:12
752,2:41:24,32,00:32
753,2:41:28,38,00:38
754,2:41:31,38,00:38
755,2:41:35,42,00:42
756,2:41:39,48,00:48
757,2:41:42,48,00:48
758,2:41:46,52,00:52
759,2:41:50,58,00:58
760,2:41:53,62,01:02
761,2:41:57,62,01:02
762,2:42:00,68,01:08
763,2:42:04,151,02:31
764,2:42:07,151,02:31
765,2:42:10,111,01:51
766,2:42:14,82,01:22
767,2:42:18,86,01:26
768,2:42:21,88,01:28
769,2:42:24,142,02:22
770,2:42:28,98,01:38
771,2:42:32,98,01:38
772,2:42:35,104,01:44
773,2:42:39,108,01:48
774,2:42:43,108,01:48
775,2:42:46,112,01:52
776,2:42:50,118,01:58
777,2:42:54,122,02:02
778,2:42:57,122,02:02
779,2:43:01,123,02:03
780,2:43:04,132,02:12
781,2:43:07,132,02:12
782,2:43:11,138,02:18
783,2:43:15,144,02:24
784,2:43:18,148,02:28
785,2:43:22,148,02:28
786,2:43:26,154,02:34
787,2:43:29,158,02:38
788,2:43:33,158,02:38
789,2:43:36,164,02:44
790,2:43:40,168,02:48
791,2:43:44,174,02:54
792,2:43:47,174,02:54
793,2:43:50,178,02:58
794,2:43:54,184,03:04
795,2:43:57,184,03:04
796,2:44:01,188,03:08
797,2:44:04,494,08:14
798,2:44:08,494,08:14
799,2:44:11,198,03:18
800,2:44:15,504,08:24
801,2:44:19,504,08:24
802,2:44:37,524,08:44
803,2:44:55,5,00:05
804,2:44:58,5,00:05
805,2:45:02,9,00:09
806,2:45:06,41,00:41
807,2:45:09,21,00:21
808,2:45:13,21,00:21
809,2:45:17,25,00:25
810,2:45:21,31,00:31
811,2:45:25,31,00:31
812,2:45:28,33,00:33
813,2:45:32,41,00:41
814,2:45:46,3,00:03
815,2:45:50,9,00:09
816,2:45:54,9,00:09
817,2:45:58,13,00:13
818,2:46:02,39,00:39
819,2:46:05,28,00:28
820,2:46:09,28,00:28
821,2:46:12,12,00:12
822,2:46:16,33,00:33
823,2:46:19,33,00:33
824,2:46:23,39,00:39
825,2:46:27,43,00:43
826,2:46:30,49,00:49
827,2:46:33,49,00:49
828,2:46:37,53,00:53
829,2:46:40,59,00:59
830,2:46:44,59,00:59
831,2:46:48,63,01:03
832,2:46:52,63,01:03
833,2:46:55,75,01:15
834,2:46:58,75,01:15
835,2:47:02,101,01:41
836,2:47:06,85,01:25
837,2:47:09,85,01:25
838,2:47:13,102,01:42
839,2:47:16,145,02:25
840,2:47:20,145,02:25
841,2:47:23,99,01:39
842,2:47:37,115,01:55
843,2:47:41,119,01:59
844,2:47:45,119,01:59
845,2:47:48,125,02:05
846,2:47:59,135,02:15
847,2:48:02,139,02:19
848,2:48:05,139,02:19
849,2:48:12,622,10:22
850,2:48:16,622,10:22
851,2:48:19,155,02:35
852,2:48:22,159,02:39
853,2:48:33,624,10:24
854,2:48:36,625,10:25
855,2:48:40,625,10:25
856,2:48:57,635,10:35
857,2:49:01,635,10:35
858,2:49:08,632,10:32
859,2:49:11,632,10:32
860,2:49:15,633,10:33
861,2:49:21,631,10:31
862,2:49:25,631,10:31
863,2:49:32,635,10:35
864,2:49:36,635,10:35
865,2:49:40,235,03:55
866,2:49:44,640,10:40
867,2:49:47,640,10:40
868,2:49:51,640,10:40
869,2:49:54,641,10:41
870,2:49:57,285,04:45
871,2:50:01,285,04:45
872,2:50:04,261,04:21
873,2:50:15,1,00:01
874,2:50:19,5,00:05
875,2:50:23,10,00:10
876,2:50:26,10,00:10
877,2:50:30,41,00:41
878,2:50:44,0,00:00
879,2:51:09,4,00:04
880,2:51:13,8,00:08
881,2:51:16,8,00:08
882,2:51:20,41,00:41
883,2:51:30,0,00:00
884,2:51:34,4,00:04
885,2:51:38,10,00:10
886,2:51:42,10,00:10
887,2:51:49,0,00:00
888,2:51:53,0,00:00
889,2:51:57,4,00:04
890,2:52:00,10,00:10
891,2:52:11,1,00:01
892,2:52:15,5,00:05
893,2:52:29,4,00:04
894,2:52:33,4,00:04
895,2:52:37,3,00:03
896,2:53:01,0,00:00
897,2:53:16,3,00:03
898,2:53:19,7,00:07
899,2:53:23,7,00:07
900,2:53:30,1,00:01
901,2:53:45,5,00:05
902,2:53:48,5,00:05
903,2:53:52,9,00:09
904,2:54:10,0,00:00
905,2:54:21,1,00:01
906,2:54:32,1,00:01
907,2:54:40,4,00:04
908,2:54:43,4,00:04
909,2:54:47,8,00:08
910,2:55:02,5,00:05
911,2:55:13,3,00:03
912,2:55:16,7,00:07
913,2:55:31,4,00:04
914,2:55:35,4,00:04
915,2:55:42,2,00:02
916,2:55:46,6,00:06
917,2:55:49,6,00:06
918,2:56:00,4,00:04
919,2:56:04,4,00:04
920,2:56:12,1,00:01
921,2:56:16,5,00:05
922,2:56:19,5,00:05
923,2:56:23,11,00:11
924,2:56:26,17,00:17
925,2:56:30,17,00:17
926,2:56:33,21,00:21
927,2:56:37,27,00:27
928,2:56:41,31,00:31
929,2:56:44,31,00:31
930,2:56:48,37,00:37
931,2:56:52,41,00:41
932,2:56:55,41,00:41
933,2:56:59,47,00:47
934,2:57:03,51,00:51
935,2:57:06,55,00:55
936,2:57:10,55,00:55
937,2:57:14,61,01:01
938,2:57:17,67,01:07
939,2:57:28,151,02:31
940,2:57:32,81,01:21
941,2:57:35,81,01:21
942,2:57:39,102,01:42
943,2:57:42,91,01:31
944,2:57:46,103,01:43
945,2:57:50,103,01:43
946,2:57:54,101,01:41
947,2:57:57,104,01:44
948,2:58:01,104,01:44
949,2:58:04,111,01:51
950,2:58:08,117,01:57
951,2:58:11,121,02:01
952,2:58:15,121,02:01
953,2:58:18,127,02:07
954,2:58:22,163,02:43
955,2:58:25,163,02:43
956,2:58:29,137,02:17
957,2:58:33,143,02:23
958,2:58:36,143,02:23
959,2:58:40,147,02:27
960,2:58:44,203,03:23
961,2:58:47,157,02:37
962,2:58:51,157,02:37
963,2:58:54,163,02:43
964,2:58:58,167,02:47
965,2:59:01,167,02:47
966,2:59:05,173,02:53
967,2:59:08,177,02:57
968,2:59:12,183,03:03
969,2:59:15,183,03:03
970,2:59:18,187,03:07
971,2:59:22,193,03:13
972,2:59:25,193,03:13
973,2:59:28,221,03:41
974,2:59:32,208,03:28
975,2:59:35,208,03:28
976,2:59:39,207,03:27
977,2:59:42,213,03:33
978,2:59:46,213,03:33
979,2:59:49,267,04:27
980,2:59:53,223,03:43
981,2:59:56,223,03:43
982,2:59:59,227,03:47
983,3:00:03,233,03:53
984,3:00:06,233,03:53
985,3:00:10,239,03:59
986,3:00:13,243,04:03
987,3:00:16,243,04:03
988,3:00:20,249,04:09
989,3:00:23,283,04:43
990,3:00:27,283,04:43
991,3:00:30,289,04:49
992,3:00:34,263,04:23
993,3:00:37,263,04:23
994,3:00:41,269,04:29
995,3:00:44,273,04:33
996,3:00:48,279,04:39
997,3:00:51,279,04:39
998,3:00:55,288,04:48
999,3:00:58,289,04:49
1000,3:01:02,289,04:49
1001,3:01:06,293,04:53
1002,3:01:13,303,05:03
1003,3:01:17,303,05:03
1004,3:01:20,309,05:09
1005,3:01:24,313,05:13
1006,3:01:28,313,05:13
1007,3:01:31,319,05:19
1008,3:01:35,323,05:23
1009,3:01:39,329,05:29
1010,3:01:42,329,05:29
1011,3:01:46,333,05:33
1012,3:01:49,339,05:39
1013,3:01:53,339,05:39
1014,3:01:56,374,06:14
1015,3:02:00,349,05:49
1016,3:02:04,355,05:55
1017,3:02:08,355,05:55
1018,3:02:11,359,05:59
1019,3:02:15,365,06:05
1020,3:02:18,369,06:09
1021,3:02:22,369,06:09
1022,3:02:25,375,06:15
1023,3:02:29,379,06:19
1024,3:02:32,379,06:19
1025,3:02:36,385,06:25
1026,3:02:40,389,06:29
1027,3:02:43,389,06:29
1028,3:02:47,395,06:35
1029,3:02:54,405,06:45
1030,3:02:57,405,06:45
1031,3:03:01,374,06:14
1032,3:03:04,415,06:55
1033,3:03:07,415,06:55
1034,3:03:11,419,06:59
1035,3:03:15,425,07:05
1036,3:03:18,425,07:05
1037,3:03:32,2,00:02
1038,3:03:36,8,00:08
1039,3:03:40,12,00:12
1040,3:03:44,12,00:12
1041,3:03:47,0,00:00
1042,3:03:51,6,00:06
1043,3:04:02,1,00:01
1044,3:04:05,5,00:05
1045,3:04:09,5,00:05
1046,3:04:13,11,00:11
1047,3:04:27,2,00:02
1048,3:04:31,3,00:03
1049,3:04:35,12,00:12
1050,3:04:39,12,00:12
1051,3:04:42,41,00:41
1052,3:04:46,22,00:22
1053,3:04:49,22,00:22
1054,3:04:53,23,00:23
1055,3:04:57,82,01:22
1056,3:05:01,38,00:38
1057,3:05:05,38,00:38
1058,3:05:08,21,00:21
1059,3:05:12,48,00:48
1060,3:05:16,52,00:52
1061,3:05:19,52,00:52
1062,3:05:22,58,00:58
1063,3:05:26,62,01:02
1064,3:05:30,62,01:02
1065,3:05:34,68,01:08
1066,3:05:37,101,01:41
1067,3:05:40,151,02:31
1068,3:05:44,151,02:31
1069,3:05:48,84,01:24
1070,3:05:51,102,01:42
1071,3:05:55,102,01:42
1072,3:05:58,144,02:24
1073,3:06:02,98,01:38
1074,3:06:06,104,01:44
1075,3:06:09,104,01:44
1076,3:06:13,104,01:44
1077,3:06:17,114,01:54
1078,3:06:20,114,01:54
1079,3:06:24,118,01:58
1080,3:06:28,124,02:04
1081,3:06:32,188,03:08
1082,3:06:36,188,03:08
1083,3:06:39,161,02:41
1084,3:06:43,168,02:48
1085,3:06:47,144,02:24
1086,3:06:51,144,02:24
1087,3:06:54,148,02:28
1088,3:06:58,154,02:34
1089,3:07:02,158,02:38
1090,3:07:06,158,02:38
1091,3:07:09,164,02:44
1092,3:07:13,168,02:48
1093,3:07:16,174,02:54
1094,3:07:20,174,02:54
1095,3:07:24,178,02:58
1096,3:07:28,184,03:04
1097,3:07:31,190,03:10
1098,3:07:34,190,03:10
1099,3:07:38,194,03:14
1100,3:07:41,200,03:20
1101,3:07:45,200,03:20
1102,3:07:49,204,03:24
1103,3:07:52,210,03:30
1104,3:07:56,210,03:30
1105,3:08:00,214,03:34
1106,3:08:04,220,03:40
1107,3:08:08,224,03:44
1108,3:08:12,224,03:44
1109,3:08:15,230,03:50
1110,3:08:19,234,03:54
1111,3:08:23,240,04:00
1112,3:08:27,240,04:00
1113,3:08:30,244,04:04
1114,3:08:34,280,04:40
1115,3:08:38,254,04:14
1116,3:08:41,254,04:14
1117,3:08:45,260,04:20
1118,3:08:49,264,04:24
1119,3:08:53,320,05:20
1120,3:08:56,320,05:20
1121,3:09:00,324,05:24
1122,3:09:04,280,04:40
1123,3:09:07,284,04:44
1124,3:09:11,284,04:44
1125,3:09:15,290,04:50
1126,3:09:19,294,04:54
1127,3:09:22,300,05:00
1128,3:09:26,300,05:00
1129,3:09:29,310,05:10
1130,3:09:32,310,05:10
1131,3:09:36,310,05:10
1132,3:09:39,321,05:21
1133,3:09:43,320,05:20
1134,3:09:46,320,05:20
1135,3:09:50,312,05:12
1136,3:10:00,336,05:36
1137,3:10:04,340,05:40
1138,3:10:08,346,05:46
1139,3:10:11,346,05:46
1140,3:10:15,350,05:50
1141,3:10:19,358,05:58
1142,3:10:23,358,05:58
1143,3:10:26,660,11:00
1144,3:10:30,366,06:06
1145,3:10:33,370,06:10
1146,3:10:37,370,06:10
1147,3:10:41,371,06:11
1148,3:10:44,380,06:20
1149,3:10:48,372,06:12
1150,3:10:52,372,06:12
1151,3:10:55,390,06:30
1152,3:10:59,396,06:36
1153,3:11:02,396,06:36
1154,3:11:06,400,06:40
1155,3:11:26,703,11:43
1156,3:11:30,711,11:51
1157,3:11:33,703,11:43
1158,3:11:37,703,11:43
1159,3:11:54,703,11:43
1160,3:11:58,703,11:43
1161,3:12:01,711,11:51
1162,3:12:05,703,11:43
1163,3:12:08,703,11:43
1164,3:12:25,674,11:14
1165,3:12:29,674,11:14
1166,3:12:33,674,11:14
1167,3:12:36,703,11:43
1168,3:12:39,703,11:43
1169,3:12:43,703,11:43
1170,3:12:46,502,08:22
1171,3:12:50,506,08:26
1172,3:12:53,506,08:26
1173,3:12:56,512,08:32
1174,3:13:00,516,08:36
1175,3:13:04,516,08:36
1176,3:13:07,552,09:12
1177,3:13:11,528,08:48
1178,3:13:14,532,08:52
1179,3:13:18,532,08:52
1180,3:13:21,538,08:58
1181,3:13:24,542,09:02
1182,3:13:28,542,09:02
1183,3:13:46,2,00:02
1184,3:13:50,0,00:00
1185,3:13:54,0,00:00
1186,3:13:57,12,00:12
1187,3:14:01,18,00:18
1188,3:14:05,22,00:22
1189,3:14:08,22,00:22
1190,3:14:12,12,00:12
1191,3:14:16,32,00:32
1192,3:14:20,32,00:32
1193,3:14:23,88,01:28
1194,3:14:27,42,00:42
1195,3:14:30,48,00:48
1196,3:14:34,48,00:48
1197,3:14:37,52,00:52
1198,3:14:41,58,00:58
1199,3:14:45,58,00:58
1200,3:14:49,62,01:02
1201,3:14:53,68,01:08
1202,3:14:56,151,02:31
1203,3:15:00,151,02:31
1204,3:15:03,151,02:31
1205,3:15:07,84,01:24
1206,3:15:11,102,01:42
1207,3:15:15,102,01:42
1208,3:15:18,94,01:34
1209,3:15:22,98,01:38
1210,3:15:26,286,04:46
1211,3:15:30,286,04:46
1212,3:15:34,276,04:36
1213,3:15:37,114,01:54
1214,3:15:41,118,01:58
1215,3:15:45,118,01:58
1216,3:15:49,124,02:04
1217,3:15:53,123,02:03
1218,3:15:56,134,02:14
1219,3:16:00,134,02:14
1220,3:16:04,138,02:18
1221,3:16:08,144,02:24
1222,3:16:11,148,02:28
1223,3:16:15,148,02:28
1224,3:16:19,154,02:34
1225,3:16:22,158,02:38
1226,3:16:26,164,02:44
1227,3:16:30,164,02:44
1228,3:16:33,168,02:48
1229,3:16:37,174,02:54
1230,3:16:40,174,02:54
1231,3:16:44,173,02:53
1232,3:16:48,184,03:04
1233,3:16:52,524,08:44
1234,3:16:56,524,08:44
1235,3:17:00,221,03:41
1236,3:17:03,200,03:20
1237,3:17:06,204,03:24
1238,3:17:10,204,03:24
1239,3:17:13,210,03:30
1240,3:17:17,214,03:34
1241,3:17:21,214,03:34
1242,3:17:25,220,03:40
1243,3:17:28,224,03:44
1244,3:17:32,230,03:50
1245,3:17:36,230,03:50
1246,3:17:40,234,03:54
1247,3:17:43,240,04:00
1248,3:17:47,244,04:04
1249,3:17:51,244,04:04
1250,3:17:54,280,04:40
1251,3:17:58,281,04:41
1252,3:18:01,281,04:41
1253,3:18:05,260,04:20
1254,3:18:08,264,04:24
1255,3:18:11,264,04:24
1256,3:18:15,270,04:30
1257,3:18:22,2912,48:32
1258,3:18:26,2912,48:32
1259,3:18:29,644,10:44
1260,3:18:40,294,04:54
1261,3:18:43,650,10:50
1262,3:18:47,650,10:50
1263,3:18:50,306,05:06
1264,3:18:54,651,10:51
1265,3:18:58,316,05:16
1266,3:19:01,316,05:16
1267,3:19:05,320,05:20
1268,3:19:16,653,10:53
1269,3:19:19,386,06:26
1270,3:19:23,654,10:54
1271,3:19:26,654,10:54
1272,3:19:30,654,10:54
1273,3:19:33,350,05:50
1274,3:19:37,350,05:50
1275,3:19:41,356,05:56
1276,3:19:44,360,06:00
1277,3:19:48,4260,11:00
1278,3:19:52,4260,11:00
1279,3:19:56,661,11:01
1280,3:20:00,4261,11:01
1281,3:20:10,662,11:02
1282,3:20:13,1863,31:03
1283,3:20:16,1863,31:03
1284,3:20:20,396,06:36
1285,3:20:30,406,06:46
1286,3:20:34,410,06:50
1287,3:20:38,410,06:50
1288,3:20:45,422,07:02
1289,3:20:48,426,07:06
1290,3:20:52,426,07:06
1291,3:21:03,672,11:12
1292,3:21:07,672,11:12
1293,3:21:21,456,07:36
1294,3:21:25,674,11:14
1295,3:21:28,674,11:14
1296,3:21:32,1874,31:14
1297,3:21:36,635,10:35
1298,3:21:40,635,10:35
1299,3:21:44,635,10:35
1300,3:21:47,680,11:20
1301,3:21:54,681,11:21
1302,3:21:58,681,11:21
1303,3:22:22,683,11:23
1304,3:22:26,684,11:24
1305,3:22:30,528,08:48
1306,3:22:33,528,08:48
1307,3:22:41,538,08:58
1308,3:22:51,3,00:03
1309,3:23:03,2,00:02
1310,3:23:18,2,00:02
1311,3:23:25,1,00:01
1312,3:23:29,1,00:01
1313,3:23:36,3,00:03
1314,3:23:47,0,00:00
1315,3:23:58,3,00:03
1316,3:24:01,9,00:09
1317,3:24:05,9,00:09
1318,3:24:09,43,00:43
1319,3:24:13,49,00:49
1320,3:24:16,23,00:23
1321,3:24:20,23,00:23
1322,3:24:24,29,00:29
1323,3:24:31,3,00:03
1324,3:24:35,3,00:03
1325,3:24:39,0,00:00
1326,3:24:43,4,00:04
1327,3:24:47,10,00:10
1328,3:24:50,10,00:10
1329,3:24:54,14,00:14
1330,3:24:57,20,00:20
1331,3:25:01,24,00:24
1332,3:25:04,24,00:24
1333,3:25:08,30,00:30
1334,3:25:12,34,00:34
1335,3:25:16,40,00:40
1336,3:25:20,40,00:40
1337,3:25:27,4,00:04
1338,3:25:38,1,00:01
1339,3:25:41,5,00:05
1340,3:25:45,5,00:05
1341,3:25:49,11,00:11
1342,3:25:52,15,00:15
1343,3:26:04,0,00:00
1344,3:26:07,6,00:06
1345,3:26:11,6,00:06
1346,3:26:15,10,00:10
1347,3:26:19,16,00:16
1348,3:26:22,22,00:22
1349,3:26:26,22,00:22
1350,3:26:30,26,00:26
1351,3:26:34,32,00:32
1352,3:26:38,36,00:36
1353,3:26:41,36,00:36
1354,3:26:45,12,00:12
1355,3:26:49,48,00:48
1356,3:26:52,52,00:52
1357,3:26:56,52,00:52
1358,3:26:59,56,00:56
1359,3:27:03,62,01:02
1360,3:27:07,68,01:08
1361,3:27:10,68,01:08
1362,3:27:14,81,01:21
1363,3:27:18,106,01:46
1364,3:27:22,82,01:22
1365,3:27:26,82,01:22
1366,3:27:29,266,04:26
1367,3:27:33,92,01:32
1368,3:27:36,92,01:32
1369,3:27:40,96,01:36
1370,3:27:44,264,04:24
1371,3:27:47,104,01:44
1372,3:27:51,104,01:44
1373,3:27:55,112,01:52
1374,3:27:59,115,01:55
1375,3:28:02,122,02:02
1376,3:28:05,122,02:02
1377,3:28:09,126,02:06
1378,3:28:12,141,02:21
1379,3:28:16,141,02:21
1380,3:28:20,138,02:18
1381,3:28:23,142,02:22
1382,3:28:27,142,02:22
1383,3:28:31,148,02:28
1384,3:28:34,202,03:22
1385,3:28:38,158,02:38
1386,3:28:42,158,02:38
1387,3:28:45,162,02:42
1388,3:28:49,168,02:48
1389,3:28:53,172,02:52
1390,3:28:56,172,02:52
1391,3:29:00,178,02:58
1392,3:29:03,182,03:02
1393,3:29:07,182,03:02
1394,3:29:11,188,03:08
1395,3:29:14,222,03:42
1396,3:29:18,221,03:41
1397,3:29:22,221,03:41
1398,3:29:25,202,03:22
1399,3:29:29,203,03:23
1400,3:29:33,203,03:23
1401,3:29:36,212,03:32
1402,3:29:40,213,03:33
1403,3:29:43,81,01:21
1404,3:29:47,81,01:21
1405,3:29:50,228,03:48
1406,3:29:54,232,03:52
1407,3:29:57,232,03:52
1408,3:30:01,238,03:58
1409,3:30:05,244,04:04
1410,3:30:16,284,04:44
1411,3:30:19,258,04:18
1412,3:30:23,258,04:18
1413,3:30:26,264,04:24
1414,3:30:30,263,04:23
1415,3:30:34,274,04:34
1416,3:30:37,274,04:34
1417,3:30:41,323,05:23
1418,3:30:44,284,04:44
1419,3:30:48,284,04:44
1420,3:30:52,283,04:43
1421,3:30:55,294,04:54
1422,3:31:06,304,05:04
1423,3:31:09,650,10:50
1424,3:31:13,650,10:50
1425,3:31:31,328,05:28
1426,3:31:35,334,05:34
1427,3:31:38,334,05:34
1428,3:31:42,338,05:38
1429,3:31:45,344,05:44
1430,3:31:49,344,05:44
1431,3:31:52,654,10:54
1432,3:31:56,354,05:54
1433,3:32:06,660,11:00
1434,3:32:18,374,06:14
1435,3:32:22,662,11:02
1436,3:32:25,1862,31:02
1437,3:32:29,1862,31:02
1438,3:32:33,4262,11:02
1439,3:32:36,394,06:34
1440,3:32:40,664,11:04
1441,3:32:43,664,11:04
1442,3:32:50,410,06:50
1443,3:32:54,410,06:50
1444,3:33:08,424,07:04
1445,3:33:15,441,07:21
1446,3:33:19,441,07:21
1447,3:33:22,672,11:12
1448,3:33:26,672,11:12
1449,3:33:29,672,11:12
1450,3:33:33,450,07:30
1451,3:33:37,454,07:34
1452,3:33:47,466,07:46
1453,3:33:50,230,03:50
1454,3:33:54,230,03:50
1455,3:33:57,476,07:56
1456,3:34:01,680,11:20
1457,3:34:04,680,11:20
1458,3:34:08,486,08:06
1459,3:34:12,680,11:20
1460,3:34:15,680,11:20
1461,3:34:19,496,08:16
1462,3:34:23,500,08:20
1463,3:34:26,506,08:26
1464,3:34:30,506,08:26
1465,3:34:33,683,11:23
1466,3:34:37,683,11:23
1467,3:34:41,684,11:24
1468,3:34:45,684,11:24
1469,3:34:48,526,08:46
1470,3:34:52,685,11:25
1471,3:34:55,685,11:25
1472,3:34:59,536,08:56
1473,3:35:02,690,11:30
1474,3:35:06,546,09:06
1475,3:35:10,546,09:06
1476,3:35:14,696,11:36
1477,3:35:21,692,11:32
1478,3:35:24,692,11:32
1479,3:35:31,570,09:30
1480,3:35:35,570,09:30
1481,3:35:38,1893,31:33
1482,3:35:52,5832,37:12
1483,3:35:56,5832,37:12
1484,3:36:03,2402,40:02
1485,3:36:13,3212,53:32
1486,3:36:17,661,11:01
1487,3:36:21,661,11:01
1488,3:36:28,842,14:02
1489,3:36:31,842,14:02
1490,3:36:35,5463,31:03
1491,3:36:42,664,11:04
1492,3:36:45,664,11:04
1493,3:36:49,5464,31:04
1494,3:36:52,652,10:52
1495,3:36:56,652,10:52
1496,3:36:59,656,10:56
1497,3:37:03,662,11:02
1498,3:37:07,666,11:06
1499,3:37:11,666,11:06
1500,3:37:15,672,11:12
1501,3:37:19,676,11:16
1502,3:37:22,682,11:22
1503,3:37:26,682,11:22
1504,3:37:30,686,11:26
1505,3:37:34,692,11:32
1506,3:37:38,698,11:38
1507,3:37:42,698,11:38
1508,3:37:45,702,11:42
1509,3:37:50,708,11:48
1510,3:37:54,712,11:52
1511,3:37:58,712,11:52
1512,3:38:01,675,11:15
1513,3:38:04,722,12:02
1514,3:38:08,680,11:20
1515,3:38:12,680,11:20
1516,3:38:29,682,11:22
1517,3:38:43,762,12:42
1518,3:38:47,762,12:42
1519,3:38:50,2568,42:48
1520,3:38:54,772,12:52
1521,3:38:57,772,12:52
1522,3:39:08,690,11:30
1523,3:39:12,690,11:30
1524,3:39:15,4341,12:21
1525,3:39:26,804,13:24
1526,3:39:34,814,13:34
1527,3:39:37,814,13:34
1528,3:39:41,1118,18:38
1529,3:39:55,2634,43:54
1530,3:39:58,2634,43:54
1531,3:40:01,695,11:35
1532,3:40:05,844,14:04
1533,3:40:09,2643,44:03
1534,3:40:13,2643,44:03
1535,3:40:16,701,11:41
1536,3:40:20,2724,45:24
1537,3:40:23,2724,45:24
1538,3:40:27,2664,44:24
1539,3:40:34,2674,44:34
1540,3:40:37,2674,44:34
1541,3:40:41,2673,44:33
1542,3:40:44,884,14:44
1543,3:40:47,884,14:44
1544,3:41:02,1905,31:45
1545,3:41:05,904,15:04
1546,3:41:09,904,15:04
1547,3:41:12,908,15:08
1548,3:41:16,914,15:14
1549,3:41:19,920,15:20
1550,3:41:23,920,15:20
1551,3:41:27,712,11:52
1552,3:41:30,930,15:30
1553,3:41:34,930,15:30
1554,3:41:41,940,15:40
1555,3:41:44,944,15:44
1556,3:41:48,944,15:44
1557,3:41:51,4315,11:55
1558,3:41:55,715,11:55
1559,3:41:58,715,11:55
1560,3:42:02,720,12:00
1561,3:42:05,964,16:04
1562,3:42:09,964,16:04
1563,3:42:16,721,12:01
1564,3:42:19,721,12:01
1565,3:42:23,1922,32:02
1566,3:42:37,2523,42:03
1567,3:42:41,724,12:04
1568,3:42:45,724,12:04
1569,3:42:49,1004,16:44
1570,3:42:52,1010,16:50
1571,3:42:56,1014,16:54
1572,3:43:00,1016,16:56
1573,3:43:03,1930,32:10
1574,3:43:10,1030,17:10
1575,3:43:14,1030,17:10
1576,3:43:21,1932,32:12
1577,3:43:25,1932,32:12
1578,3:43:28,732,12:12
1579,3:43:32,1050,17:30
1580,3:43:36,2644,44:04
1581,3:43:39,2644,44:04
1582,3:43:43,2044,34:04
1583,3:43:47,734,12:14
1584,3:43:50,734,12:14
1585,3:43:54,1070,17:50
1586,3:43:58,4335,12:15
1587,3:44:08,1086,18:06
1588,3:44:12,741,12:21
1589,3:44:15,741,12:21
1590,3:44:19,741,12:21
1591,3:44:26,1106,18:26
1592,3:44:29,1106,18:26
1593,3:44:33,1110,18:30
1594,3:44:36,1116,18:36
1595,3:44:40,1116,18:36
1596,3:44:43,1120,18:40
1597,3:44:47,924,15:24
1598,3:44:50,924,15:24
1599,3:45:02,1142,19:02
1600,3:45:06,1142,19:02
1601,3:45:09,930,15:30
1602,3:45:13,1164,19:24
1603,3:45:16,1951,32:31
1604,3:45:20,1951,32:31
1605,3:45:24,1162,19:22
1606,3:45:27,1166,19:26
1607,3:45:31,1166,19:26
1608,3:45:35,2493,41:33
1609,3:45:50,1,00:01
1610,3:45:57,11,00:11
1611,3:46:01,11,00:11
1612,3:46:04,31,00:31
1613,3:46:08,21,00:21
1614,3:46:12,27,00:27
1615,3:46:16,27,00:27
1616,3:46:20,31,00:31
1617,3:46:23,87,01:27
1618,3:46:27,41,00:41
1619,3:46:31,41,00:41
1620,3:46:35,47,00:47
1621,3:46:38,51,00:51
1622,3:46:42,57,00:57
1623,3:46:46,57,00:57
1624,3:46:49,61,01:01
1625,3:46:53,67,01:07
1626,3:46:57,67,01:07
1627,3:47:01,151,02:31
1628,3:47:04,81,01:21
1629,3:47:08,204,03:24
1630,3:47:11,204,03:24
1631,3:47:15,197,03:17
1632,3:47:18,93,01:33
1633,3:47:22,93,01:33
1634,3:47:25,257,04:17
1635,3:47:29,103,01:43
1636,3:47:33,107,01:47
1637,3:47:36,107,01:47
1638,3:47:40,115,01:55
1639,3:47:44,105,01:45
1640,3:47:47,105,01:45
1641,3:47:51,123,02:03
1642,3:47:55,127,02:07
1643,3:47:58,624,10:24
1644,3:48:02,624,10:24
1645,3:48:05,137,02:17
1646,3:48:09,148,02:28
1647,3:48:13,148,02:28
1648,3:48:16,147,02:27
1649,3:48:20,153,02:33
1650,3:48:24,157,02:37
1651,3:48:28,157,02:37
1652,3:48:32,163,02:43
1653,3:48:35,167,02:47
1654,3:48:39,173,02:53
1655,3:48:43,173,02:53
1656,3:48:46,177,02:57
1657,3:48:50,188,03:08
1658,3:48:54,189,03:09
1659,3:48:58,189,03:09
1660,3:49:02,193,03:13
1661,3:49:05,199,03:19
1662,3:49:09,492,08:12
1663,3:49:12,492,08:12
1664,3:49:20,213,03:33
1665,3:49:23,213,03:33
1666,3:49:27,219,03:39
1667,3:49:31,223,03:43
1668,3:49:35,229,03:49
1669,3:49:39,229,03:49
1670,3:49:42,233,03:53
1671,3:49:46,239,03:59
1672,3:49:50,243,04:03
1673,3:49:53,243,04:03
1674,3:49:57,249,04:09
1675,3:50:01,283,04:43
1676,3:50:04,259,04:19
1677,3:50:08,259,04:19
1678,3:50:11,263,04:23
1679,3:50:15,263,04:23
1680,3:50:19,263,04:23
1681,3:50:22,273,04:33
1682,3:50:26,329,05:29
1683,3:50:30,283,04:43
1684,3:50:34,283,04:43
1685,3:50:37,289,04:49
1686,3:50:41,295,04:55
1687,3:50:45,299,04:59
1688,3:50:49,299,04:59
1689,3:50:52,305,05:05
1690,3:50:56,309,05:09
1691,3:50:59,341,05:41
1692,3:51:03,341,05:41
1693,3:51:07,341,05:41
1694,3:51:10,322,05:22
1695,3:51:14,322,05:22
1696,3:51:18,323,05:23
1697,3:51:21,385,06:25
1698,3:51:25,339,05:39
1699,3:51:28,339,05:39
1700,3:51:32,345,05:45
1701,3:51:35,349,05:49
1702,3:51:39,349,05:49
1703,3:51:43,355,05:55
1704,3:51:46,359,05:59
1705,3:51:49,359,05:59
1706,3:51:53,363,06:03
1707,3:51:56,369,06:09
1708,3:52:00,369,06:09
1709,3:52:03,3132,52:12
1710,3:52:07,3542,59:02
1711,3:52:18,3032,50:32
1712,3:52:21,395,06:35
1713,3:52:24,395,06:35
1714,3:52:28,399,06:39
1715,3:52:45,670,11:10
1716,3:52:49,670,11:10
1717,3:53:06,632,10:32
1718,3:53:10,632,10:32
1719,3:53:21,673,11:13
1720,3:53:24,673,11:13
1721,3:53:28,461,07:41
1722,3:53:42,675,11:15
1723,3:53:45,675,11:15
1724,3:53:49,481,08:01
1725,3:53:53,183,03:03
1726,3:53:56,491,08:11
1727,3:54:00,491,08:11
1728,3:54:04,681,11:21
1729,3:54:07,501,08:21
1730,3:54:11,501,08:21
1731,3:54:14,682,11:22
1732,3:54:18,683,11:23
1733,3:54:22,515,08:35
1734,3:54:26,515,08:35
1735,3:54:30,221,03:41
1736,3:54:33,527,08:47
1737,3:54:44,537,08:57
1738,3:54:48,541,09:01
1739,3:54:51,541,09:01
1740,3:54:58,691,11:31
1741,3:55:09,692,11:32
1742,3:55:12,692,11:32
1743,3:55:16,692,11:32
1744,3:55:30,694,11:34
1745,3:55:37,695,11:35
1746,3:55:40,695,11:35
1747,3:55:47,601,10:01
1748,3:55:51,601,10:01
1749,3:55:54,660,11:00
1750,3:55:58,611,10:11
1751,3:56:01,611,10:11
1752,3:56:05,617,10:17
1753,3:56:25,674,11:14
1754,3:56:29,711,11:51
1755,3:56:32,703,11:43
1756,3:56:36,703,11:43
1757,3:56:53,674,11:14
1758,3:56:56,674,11:14
1759,3:57:00,711,11:51
1760,3:57:04,703,11:43
1761,3:57:07,703,11:43
1762,3:57:24,674,11:14
1763,3:57:27,674,11:14
1764,3:57:31,711,11:51
1765,3:57:35,703,11:43
1766,3:57:38,713,11:53
1767,3:57:41,713,11:53
1768,3:57:49,723,12:03
1769,3:57:53,723,12:03
1770,3:57:56,727,12:07
1771,3:58:00,761,12:41
1772,3:58:03,739,12:19
1773,3:58:07,739,12:19
1774,3:58:11,743,12:23
1775,3:58:14,682,11:22
1776,3:58:18,682,11:22
1777,3:58:22,1883,31:23
1778,3:58:30,684,11:24
1779,3:58:52,690,11:30
1780,3:58:56,740,12:20
1781,3:59:00,1893,31:33
1782,3:59:03,1893,31:33
1783,3:59:07,4291,11:31
1784,3:59:11,692,11:32
1785,3:59:25,693,11:33
1786,3:59:29,823,13:43
1787,3:59:32,823,13:43
1788,3:59:36,694,11:34
1789,3:59:40,833,13:53
1790,3:59:43,833,13:53
1791,3:59:47,4345,12:25
1792,4:00:06,859,14:19
1793,4:00:10,865,14:25
1794,4:00:13,865,14:25
1795,4:00:17,2669,44:29
1796,4:00:25,1903,31:43
1797,4:00:28,1903,31:43
1798,4:00:32,704,11:44
1799,4:00:40,2085,34:45
1800,4:00:44,2085,34:45
1801,4:00:57,1910,31:50
1802,4:01:01,712,11:52
1803,4:01:04,712,11:52
1804,4:01:32,1,00:01
1805,4:01:36,5,00:05
1806,4:01:39,5,00:05
1807,4:01:43,11,00:11
1808,4:01:47,15,00:15
1809,4:01:50,21,00:21
1810,4:01:54,21,00:21
1811,4:02:02,1,00:01
1812,4:02:05,1,00:01
1813,4:02:09,7,00:07
1814,4:02:23,3,00:03
1815,4:02:31,3,00:03
1816,4:02:35,3,00:03
1817,4:02:38,9,00:09
1818,4:02:42,13,00:13
1819,4:02:45,13,00:13
1820,4:02:49,49,00:49
1821,4:02:56,1,00:01
1822,4:03:00,1,00:01
1823,4:03:03,5,00:05
1824,4:03:07,13,00:13
1825,4:03:10,13,00:13
1826,4:03:14,15,00:15
1827,4:03:29,5,00:05
1828,4:03:51,3,00:03
1829,4:03:55,0,00:00
1830,4:03:58,9,00:09
1831,4:04:02,15,00:15
1832,4:04:06,15,00:15
1833,4:04:09,19,00:19
1834,4:04:13,12,00:12
1835,4:04:17,29,00:29
1836,4:04:21,29,00:29
1837,4:04:24,85,01:25
1838,4:04:28,39,00:39
1839,4:04:31,39,00:39
1840,4:04:35,45,00:45
1841,4:04:39,49,00:49
1842,4:04:43,605,10:05
1843,4:04:47,605,10:05
1844,4:04:50,59,00:59
1845,4:04:54,65,01:05
1846,4:04:57,69,01:09
1847,4:05:01,69,01:09
1848,4:05:05,151,02:31
1849,4:05:09,101,01:41
1850,4:05:12,178,02:58
1851,4:05:16,178,02:58
1852,4:05:19,89,01:29
1853,4:05:23,95,01:35
1854,4:05:27,95,01:35
1855,4:05:30,103,01:43
1856,4:05:34,105,01:45
1857,4:05:38,111,01:51
1858,4:05:41,111,01:51
1859,4:05:45,115,01:55
1860,4:05:48,121,02:01
1861,4:05:52,121,02:01
1862,4:05:56,125,02:05
1863,4:05:59,131,02:11
1864,4:06:03,135,02:15
1865,4:06:07,135,02:15
1866,4:06:11,141,02:21
1867,4:06:14,145,02:25
1868,4:06:18,151,02:31
1869,4:06:22,151,02:31
1870,4:06:25,205,03:25
1871,4:06:29,161,02:41
1872,4:06:33,161,02:41
1873,4:06:36,165,02:45
1874,4:06:40,171,02:51
1875,4:06:43,175,02:55
1876,4:06:47,175,02:55
1877,4:06:50,181,03:01
1878,4:06:53,185,03:05
1879,4:06:57,185,03:05
1880,4:07:00,521,08:41
1881,4:07:04,195,03:15
1882,4:07:08,195,03:15
1883,4:07:15,205,03:25
1884,4:07:19,211,03:31
1885,4:07:23,211,03:31
1886,4:07:26,217,03:37
1887,4:07:29,221,03:41
1888,4:07:33,221,03:41
1889,4:07:36,194,03:14
1890,4:07:40,231,03:51
1891,4:07:44,237,03:57
1892,4:07:47,237,03:57
1893,4:07:51,241,04:01
1894,4:07:55,247,04:07
1895,4:07:59,251,04:11
1896,4:08:02,251,04:11
1897,4:08:06,257,04:17
1898,4:08:46,5,00:05
1899,4:08:50,9,00:09
1900,4:08:53,9,00:09
1901,4:08:57,41,00:41
1902,4:09:08,0,00:00
1903,4:09:15,1,00:01
1904,4:09:19,1,00:01
1905,4:09:26,1,00:01
1906,4:09:29,7,00:07
1907,4:09:33,7,00:07
1908,4:09:36,11,00:11
1909,4:09:40,71,01:11
1910,4:09:44,71,01:11
1911,4:09:47,21,00:21
1912,4:09:51,27,00:27
1913,4:09:55,31,00:31
1914,4:09:59,31,00:31
1915,4:10:02,87,01:27
1916,4:10:06,41,00:41
1917,4:10:17,1,00:01
1918,4:10:32,5,00:05
1919,4:10:35,9,00:09
1920,4:10:39,9,00:09
1921,4:11:08,0,00:00
1922,4:11:11,4,00:04
1923,4:11:15,4,00:04
1924,4:11:19,10,00:10
1925,4:11:23,14,00:14
1926,4:11:26,20,00:20
1927,4:11:30,20,00:20
1928,4:11:37,30,00:30
1929,4:11:41,34,00:34
1930,4:11:45,34,00:34
1931,4:12:07,2,00:02
1932,4:12:10,2,00:02
1933,4:12:14,8,00:08
1934,4:12:17,12,00:12
1935,4:12:21,16,00:16
1936,4:12:25,16,00:16
1937,4:12:39,2,00:02
1938,4:12:53,3,00:03
1939,4:13:04,4,00:04
1940,4:13:08,8,00:08
1941,4:13:19,0,00:00
1942,4:13:33,3,00:03
1943,4:13:36,3,00:03
1944,4:13:40,7,00:07
1945,4:13:43,13,00:13
1946,4:13:47,17,00:17
1947,4:13:50,17,00:17
1948,4:13:54,23,00:23
1949,4:13:57,27,00:27
1950,4:14:01,27,00:27
1951,4:14:05,33,00:33
1952,4:14:08,37,00:37
1953,4:14:12,34,00:34
1954,4:14:15,34,00:34
1955,4:14:19,19,00:19
1956,4:14:22,58,00:58
1957,4:14:26,58,00:58
1958,4:14:34,63,01:03
1959,4:14:37,67,01:07
1960,4:14:41,67,01:07
1961,4:14:45,73,01:13
1962,4:14:49,101,01:41
1963,4:14:52,102,01:42
1964,4:14:56,102,01:42
1965,4:14:59,89,01:29
1966,4:15:03,93,01:33
1967,4:15:07,93,01:33
1968,4:15:10,99,01:39
1969,4:15:14,103,01:43
1970,4:15:17,103,01:43
1971,4:15:21,109,01:49
1972,4:15:24,113,01:53
1973,4:15:28,119,01:59
1974,4:15:32,119,01:59
1975,4:15:35,123,02:03
1976,4:15:39,129,02:09
1977,4:15:42,129,02:09
1978,4:15:46,133,02:13
1979,4:15:49,139,02:19
1980,4:15:53,143,02:23
1981,4:15:57,143,02:23
1982,4:16:01,149,02:29
1983,4:16:04,153,02:33
1984,4:16:08,209,03:29
1985,4:16:12,209,03:29
1986,4:16:15,134,02:14
1987,4:16:19,169,02:49
1988,4:16:23,173,02:53
1989,4:16:27,173,02:53
1990,4:16:31,179,02:59
1991,4:16:35,183,03:03
1992,4:16:39,489,08:09
1993,4:16:42,489,08:09
1994,4:16:46,195,03:15
1995,4:16:50,199,03:19
1996,4:16:53,205,03:25
1997,4:16:57,205,03:25
1998,4:17:01,209,03:29
1999,4:17:05,263,04:23
2000,4:17:09,219,03:39
2001,4:17:13,219,03:39
2002,4:17:16,225,03:45
2003,4:17:19,229,03:49
2004,4:17:23,229,03:49
2005,4:17:27,235,03:55
2006,4:17:30,239,03:59
2007,4:17:34,243,04:03
2008,4:17:38,243,04:03
2009,4:17:41,249,04:09
2010,4:17:45,283,04:43
2011,4:17:48,283,04:43
2012,4:17:56,265,04:25
2013,4:17:59,269,04:29
2014,4:18:02,269,04:29
2015,4:18:06,643,10:43
2016,4:18:16,644,10:44
2017,4:18:27,293,04:53
2018,4:18:30,645,10:45
2019,4:18:34,645,10:45
2020,4:18:41,311,05:11
2021,4:18:44,651,10:51
2022,4:18:48,651,10:51
2023,4:19:06,335,05:35
2024,4:19:09,341,05:41
2025,4:19:13,341,05:41
2026,4:19:38,365,06:05
2027,4:19:41,371,06:11
2028,4:19:52,662,11:02
2029,4:19:56,662,11:02
2030,4:19:59,662,11:02
2031,4:20:03,663,11:03
2032,4:20:06,663,11:03
2033,4:20:32,620,10:20
2034,4:20:35,670,11:10
2035,4:20:39,670,11:10
2036,4:20:42,631,10:31
2037,4:20:46,671,11:11
2038,4:20:49,671,11:11
2039,4:20:53,672,11:12
2040,4:21:07,457,07:37
2041,4:21:10,457,07:37
2042,4:21:14,461,07:41
2043,4:21:17,467,07:47
2044,4:21:21,471,07:51
2045,4:21:24,471,07:51
2046,4:21:27,675,11:15
2047,4:21:48,681,11:21
2048,4:21:52,501,08:21
2049,4:21:55,501,08:21
2050,4:21:59,682,11:22
2051,4:22:06,561,09:21
2052,4:22:10,561,09:21
2053,4:22:13,491,08:11
2054,4:22:17,494,08:14
2055,4:22:21,494,08:14
2056,4:22:24,533,08:53
2057,4:22:38,690,11:30
2058,4:22:52,563,09:23
2059,4:22:56,563,09:23
2060,4:23:02,693,11:33
2061,4:23:06,693,11:33
2062,4:23:13,583,09:43
2063,4:23:34,666,11:06
2064,4:23:38,4260,11:00
2065,4:23:41,4260,11:00
2066,4:23:45,664,11:04
2067,4:23:48,617,10:17
2068,4:24:13,4264,11:04
2069,4:24:16,4264,11:04
2070,4:24:20,649,10:49
2071,4:24:30,659,10:59
2072,4:24:38,669,11:09
2073,4:24:41,669,11:09
2074,4:24:45,673,11:13
2075,4:24:55,672,11:12
2076,4:25:02,2493,41:33
2077,4:25:06,2493,41:33
2078,4:25:13,854,14:14
2079,4:25:17,854,14:14
2080,4:25:35,1886,31:26
2081,4:25:38,729,12:09
2082,4:25:42,729,12:09
2083,4:25:46,2533,42:13
2084,4:25:56,732,12:12
2085,4:26:00,682,11:22
2086,4:26:04,1883,31:23
2087,4:26:07,1883,31:23
2088,4:26:15,684,11:24
2089,4:26:19,1530,25:30
2090,4:26:23,1530,25:30
2091,4:26:27,775,12:55
2092,4:26:31,685,11:25
2093,4:26:34,4290,11:30
2094,4:26:38,4290,11:30
2095,4:26:42,690,11:30
2096,4:26:49,691,11:31
2097,4:26:55,1105,18:25
2098,4:26:59,1109,18:29
2099,4:27:03,1109,18:29
2100,4:27:10,819,13:39
2101,4:27:13,819,13:39
2102,4:27:17,1125,18:45
2103,4:27:24,745,12:25
2104,4:27:27,745,12:25
2105,4:27:35,845,14:05
2106,4:27:39,845,14:05
2107,4:27:42,700,11:40
2108,4:28:07,875,14:35
2109,4:28:10,851,14:11
2110,4:28:14,851,14:11
2111,4:28:17,885,14:45
2112,4:28:21,891,14:51
2113,4:28:31,901,15:01
2114,4:28:35,905,15:05
2115,4:28:38,905,15:05
2116,4:28:42,1911,31:51
2117,4:28:45,915,15:15
2118,4:28:49,915,15:15
2119,4:28:56,3,00:03
2120,4:29:22,3,00:03
2121,4:29:26,7,00:07
2122,4:29:30,7,00:07
2123,4:29:41,5,00:05
2124,4:29:44,5,00:05
2125,4:29:58,0,00:00
2126,4:30:02,4,00:04
2127,4:30:06,40,00:40
2128,4:30:10,40,00:40
2129,4:30:17,1,00:01
2130,4:30:20,1,00:01
2131,4:30:24,5,00:05
2132,4:30:31,0,00:00
2133,4:30:35,0,00:00
2134,4:30:57,1,00:01
2135,4:31:12,3,00:03
2136,4:31:16,3,00:03
2137,4:31:19,9,00:09
2138,4:31:23,13,00:13
2139,4:31:26,19,00:19
2140,4:31:30,19,00:19
2141,4:31:34,23,00:23
2142,4:31:37,23,00:23
2143,4:31:41,23,00:23
2144,4:31:45,35,00:35
2145,4:31:48,39,00:39
2146,4:31:52,45,00:45
2147,4:31:56,45,00:45
2148,4:32:03,0,00:00
2149,4:32:07,4,00:04
2150,4:32:10,4,00:04
2151,4:32:14,41,00:41
2152,4:32:17,44,00:44
2153,4:32:21,44,00:44
2154,4:32:24,602,10:02
2155,4:32:28,24,00:24
2156,4:32:32,30,00:30
2157,4:32:35,30,00:30
2158,4:32:39,84,01:24
2159,4:32:42,40,00:40
2160,4:32:46,40,00:40
2161,4:32:49,44,00:44
2162,4:32:53,50,00:50
2163,4:33:08,1,00:01
2164,4:33:12,1,00:01
2165,4:33:15,7,00:07
2166,4:33:19,11,00:11
2167,4:33:23,17,00:17
2168,4:33:26,17,00:17
2169,4:33:30,21,00:21
2170,4:33:34,27,00:27
2171,4:33:38,31,00:31
2172,4:33:42,31,00:31
2173,4:33:45,37,00:37
2174,4:34:00,0,00:00
2175,4:34:03,4,00:04
2176,4:34:07,4,00:04
2177,4:34:11,40,00:40
2178,4:34:14,41,00:41
2179,4:34:18,20,00:20
2180,4:34:22,20,00:20
2181,4:34:25,24,00:24
2182,4:34:29,80,01:20
2183,4:34:33,34,00:34
2184,4:34:37,34,00:34
2185,4:34:41,40,00:40
2186,4:34:45,44,00:44
2187,4:34:48,50,00:50
2188,4:34:52,50,00:50
2189,4:34:55,54,00:54
2190,4:34:59,100,01:40
2191,4:35:02,100,01:40
2192,4:35:06,64,01:04
2193,4:35:10,101,01:41
2194,4:35:13,74,01:14
2195,4:35:16,74,01:14
2196,4:35:20,80,01:20
2197,4:35:24,84,01:24
2198,4:35:27,84,01:24
2199,4:35:31,90,01:30
2200,4:35:35,94,01:34
2201,4:35:38,100,01:40
2202,4:35:42,100,01:40
2203,4:35:46,106,01:46
2204,4:35:49,15,00:15
2205,4:35:53,15,00:15
2206,4:35:57,116,01:56
2207,4:36:00,120,02:00
2208,4:36:11,130,02:10
2209,4:36:15,134,02:14
2210,4:36:19,140,02:20
2211,4:36:22,140,02:20
2212,4:36:26,146,02:26
2213,4:36:30,150,02:30
2214,4:36:34,150,02:30
2215,4:36:37,156,02:36
2216,4:36:41,160,02:40
2217,4:36:45,166,02:46
2218,4:36:49,170,02:50
2219,4:36:53,170,02:50
2220,4:36:56,176,02:56
2221,4:37:00,180,03:00
2222,4:37:04,180,03:00
2223,4:37:07,186,03:06
2224,4:37:11,190,03:10
2225,4:37:14,494,08:14
2226,4:37:18,494,08:14
2227,4:37:21,192,03:12
2228,4:37:25,192,03:12
2229,4:37:29,192,03:12
2230,4:37:32,212,03:32
2231,4:37:36,216,03:36
2232,4:37:40,522,08:42
2233,4:37:43,522,08:42
2234,4:37:47,226,03:46
2235,4:37:50,232,03:52
2236,4:37:54,232,03:52
2237,4:38:01,0,00:00
2238,4:38:04,4,00:04
2239,4:38:08,4,00:04
2240,4:38:16,1,00:01
2241,4:38:19,1,00:01
2242,4:38:23,7,00:07
2243,4:38:27,11,00:11
2244,4:38:31,17,00:17
2245,4:38:34,17,00:17
2246,4:38:37,21,00:21
2247,4:38:41,27,00:27
2248,4:38:44,27,00:27
2249,4:38:48,31,00:31
2250,4:38:52,87,01:27
2251,4:38:56,41,00:41
2252,4:39:00,41,00:41
2253,4:39:03,43,00:43
2254,4:39:07,51,00:51
2255,4:39:11,57,00:57
2256,4:39:15,57,00:57
2257,4:39:18,61,01:01
2258,4:39:22,67,01:07
2259,4:39:26,73,01:13
2260,4:39:30,73,01:13
2261,4:39:33,101,01:41
2262,4:39:37,102,01:42
2263,4:39:41,87,01:27
2264,4:39:45,87,01:27
2265,4:39:48,113,01:53
2266,4:39:51,97,01:37
2267,4:39:55,97,01:37
2268,4:39:58,104,01:44
2269,4:40:02,104,01:44
2270,4:40:05,104,01:44
2271,4:40:09,105,01:45
2272,4:40:26,674,11:14
2273,4:40:29,674,11:14
2274,4:40:33,674,11:14
2275,4:40:36,703,11:43
2276,4:40:39,703,11:43
2277,4:40:43,703,11:43
2278,4:40:56,674,11:14
2279,4:41:00,674,11:14
2280,4:41:04,674,11:14
2281,4:41:07,703,11:43
2282,4:41:10,703,11:43
2283,4:41:27,674,11:14
2284,4:41:31,674,11:14
2285,4:41:35,711,11:51
2286,4:41:38,703,11:43
2287,4:41:41,192,03:12
2288,4:41:45,192,03:12
2289,4:41:48,213,03:33
2290,4:41:52,263,04:23
2291,4:41:56,263,04:23
2292,4:42:00,194,03:14
2293,4:42:04,229,03:49
2294,4:42:08,233,03:53
2295,4:42:11,233,03:53
2296,4:42:15,233,03:53
2297,4:42:18,248,04:08
2298,4:42:22,640,10:40
2299,4:42:25,640,10:40
2300,4:42:29,641,10:41
2301,4:42:32,281,04:41
2302,4:42:36,281,04:41
2303,4:42:40,642,10:42
2304,4:42:43,269,04:29
2305,4:42:47,643,10:43
2306,4:42:51,643,10:43
2307,4:42:55,643,10:43
2308,4:42:59,285,04:45
2309,4:43:02,289,04:49
2310,4:43:06,289,04:49
2311,4:43:10,295,04:55
2312,4:43:14,645,10:45
2313,4:43:25,303,05:03
2314,4:43:28,216,03:36
2315,4:43:32,216,03:36
2316,4:43:36,651,10:51
2317,4:43:39,325,05:25
2318,4:43:43,652,10:52
2319,4:43:46,652,10:52
2320,4:43:50,333,05:33
2321,4:43:54,653,10:53
2322,4:43:57,653,10:53
2323,4:44:01,345,05:45
2324,4:44:05,654,10:54
2325,4:44:08,355,05:55
2326,4:44:12,355,05:55
2327,4:44:16,359,05:59
2328,4:44:19,60,01:00
2329,4:44:31,661,11:01
2330,4:44:34,661,11:01
2331,4:44:37,661,11:01
2332,4:44:45,662,11:02
2333,4:44:48,663,11:03
2334,4:44:52,663,11:03
2335,4:44:56,664,11:04
2336,4:44:59,405,06:45
2337,4:45:03,405,06:45
2338,4:45:06,665,11:05
2339,4:45:10,413,06:53
2340,4:45:21,425,07:05
2341,4:45:32,435,07:15
2342,4:45:39,672,11:12
2343,4:45:42,672,11:12
2344,4:45:46,451,07:31
2345,4:45:49,455,07:35
2346,4:45:53,455,07:35
2347,4:45:56,461,07:41
2348,4:46:00,465,07:45
2349,4:46:03,465,07:45
2350,4:46:07,231,03:51
2351,4:46:36,8,00:08
2352,4:46:40,7,00:07
2353,4:46:44,7,00:07
2354,4:46:48,37,00:37
2355,4:46:51,19,00:19
2356,4:46:55,23,00:23
2357,4:46:59,23,00:23
2358,4:47:03,29,00:29
2359,4:47:06,33,00:33
2360,4:47:10,39,00:39
2361,4:47:14,39,00:39
2362,4:47:18,43,00:43
2363,4:47:21,49,00:49
2364,4:47:25,53,00:53
2365,4:47:28,53,00:53
2366,4:47:32,59,00:59
2367,4:47:36,63,01:03
2368,4:47:51,3,00:03
2369,4:47:54,3,00:03
2370,4:48:05,3,00:03
2371,4:48:09,3,00:03
2372,4:48:13,9,00:09
2373,4:48:17,43,00:43
2374,4:48:21,49,00:49
2375,4:48:24,49,00:49
2376,4:48:28,23,00:23
2377,4:48:31,29,00:29
2378,4:48:35,29,00:29
2379,4:48:39,33,00:33
2380,4:48:43,39,00:39
2381,4:48:46,45,00:45
2382,4:48:50,45,00:45
2383,4:48:54,49,00:49
2384,4:48:57,55,00:55
2385,4:49:01,59,00:59
2386,4:49:04,59,00:59
2387,4:49:08,65,01:05
2388,4:49:11,69,01:09
2389,4:49:14,69,01:09
2390,4:49:18,75,01:15
2391,4:49:22,79,01:19
2392,4:49:25,79,01:19
2393,4:49:29,102,01:42
2394,4:49:32,89,01:29
2395,4:49:36,95,01:35
2396,4:49:39,95,01:35
2397,4:49:43,99,01:39
2398,4:49:46,105,01:45
2399,4:49:50,105,01:45
2400,4:49:53,109,01:49
2401,4:49:57,115,01:55
2402,4:50:00,115,01:55
2403,4:50:04,119,01:59
2404,4:50:07,125,02:05
2405,4:50:10,125,02:05
2406,4:50:14,129,02:09
2407,4:50:17,135,02:15
2408,4:50:21,135,02:15
2409,4:50:24,141,02:21
2410,4:50:28,145,02:25
2411,4:50:31,151,02:31
2412,4:50:35,151,02:31
2413,4:50:38,155,02:35
2414,4:50:42,161,02:41
2415,4:50:46,161,02:41
2416,4:50:49,165,02:45
2417,4:50:53,171,02:51
2418,4:50:56,175,02:55
2419,4:51:00,175,02:55
2420,4:51:04,181,03:01
2421,4:51:07,190,03:10
2422,4:51:11,190,03:10
2423,4:51:14,191,03:11
2424,4:51:18,195,03:15
2425,4:51:21,195,03:15
2426,4:51:25,201,03:21
2427,4:51:28,205,03:25
2428,4:51:31,205,03:25
2429,4:51:35,211,03:31
2430,4:51:38,215,03:35
2431,4:51:48,225,03:45
2432,4:51:52,231,03:51
2433,4:51:55,231,03:51
2434,4:52:02,1840,30:40
2435,4:52:06,1840,30:40
2436,4:52:13,641,10:41
2437,4:52:16,641,10:41
2438,4:52:20,257,04:17
2439,4:52:23,861,14:21
2440,4:52:27,861,14:21
2441,4:52:31,263,04:23
2442,4:52:34,4700,18:20
2443,4:52:38,643,10:43
2444,4:52:41,643,10:43
2445,4:52:48,644,10:44
2446,4:52:52,644,10:44
2447,4:52:59,645,10:45
2448,4:53:14,651,10:51
2449,4:53:17,651,10:51
2450,4:53:21,317,05:17
2451,4:53:28,652,10:52
2452,4:53:32,652,10:52
2453,4:53:39,653,10:53
2454,4:53:43,653,10:53
2455,4:53:47,341,05:41
2456,4:53:54,315,05:15
2457,4:53:58,315,05:15
2458,4:54:06,660,11:00
2459,4:54:21,371,06:11
2460,4:54:25,1862,31:02
2461,4:54:29,387,06:27
2462,4:54:33,387,06:27
2463,4:54:40,397,06:37
2464,4:54:44,374,06:14
2465,4:54:48,374,06:14
2466,4:54:51,407,06:47
2467,4:55:01,417,06:57
2468,4:55:05,630,10:30
2469,4:55:08,630,10:30
2470,4:55:19,437,07:17
2471,4:55:22,437,07:17
2472,4:55:25,443,07:23
2473,4:55:29,1872,31:12
2474,4:55:33,1872,31:12
2475,4:55:36,673,11:13
2476,4:55:47,674,11:14
2477,4:56:05,686,11:26
2478,4:56:08,686,11:26
2479,4:56:12,489,08:09
2480,4:56:23,681,11:21
2481,4:56:27,503,08:23
2482,4:56:31,509,08:29
2483,4:56:35,683,11:23
2484,4:56:38,683,11:23
2485,4:56:42,683,11:23
2486,4:56:46,523,08:43
2487,4:56:49,523,08:43
2488,4:56:56,533,08:53
2489,4:57:00,539,08:59
2490,4:57:04,539,08:59
2491,4:57:18,0,00:00
2492,4:57:32,1,00:01
2493,4:57:36,5,00:05
2494,4:57:40,5,00:05
2495,4:57:48,2,00:02
2496,4:57:51,3,00:03
2497,4:57:55,3,00:03
2498,4:58:13,0,00:00
2499,4:58:17,6,00:06
2500,4:58:20,6,00:06
2501,4:58:32,8,00:08
2502,4:58:35,8,00:08
2503,4:58:39,9,00:09
2504,4:58:54,3,00:03
2505,4:58:57,9,00:09
2506,4:59:01,13,00:13
2507,4:59:05,13,00:13
2508,4:59:09,19,00:19
2509,4:59:13,12,00:12
2510,4:59:16,12,00:12
2511,4:59:20,12,00:12
2512,4:59:34,1,00:01
2513,4:59:52,3,00:03
2514,4:59:55,3,00:03
2515,4:59:59,7,00:07
2516,5:00:03,41,00:41
2517,5:00:06,17,00:17
2518,5:00:09,17,00:17
2519,5:00:13,23,00:23
2520,5:00:17,27,00:27
2521,5:00:20,27,00:27
2522,5:00:24,88,01:28
2523,5:00:27,37,00:37
2524,5:00:31,37,00:37
2525,5:00:35,43,00:43
2526,5:00:39,47,00:47
2527,5:00:42,53,00:53
2528,5:00:45,53,00:53
2529,5:00:49,57,00:57
2530,5:00:52,610,10:10
2531,5:00:56,610,10:10
2532,5:00:59,67,01:07
2533,5:01:03,73,01:13
2534,5:01:07,101,01:41
2535,5:01:10,101,01:41
2536,5:01:14,102,01:42
2537,5:01:17,102,01:42
2538,5:01:21,102,01:42
2539,5:01:24,93,01:33
2540,5:01:28,97,01:37
2541,5:01:31,97,01:37
2542,5:01:35,108,01:48
2543,5:01:38,104,01:44
2544,5:01:42,104,01:44
2545,5:01:45,113,01:53
2546,5:01:49,119,01:59
2547,5:01:52,123,02:03
2548,5:01:56,123,02:03
2549,5:02:00,129,02:09
2550,5:02:03,163,02:43
2551,5:02:06,163,02:43
2552,5:02:10,161,02:41
2553,5:02:14,143,02:23
2554,5:02:18,143,02:23
2555,5:02:21,149,02:29
2556,5:02:24,153,02:33
2557,5:02:28,209,03:29
2558,5:02:31,209,03:29
2559,5:02:35,163,02:43
2560,5:02:38,169,02:49
2561,5:02:41,169,02:49
2562,5:02:45,173,02:53
2563,5:02:48,179,02:59
2564,5:02:52,179,02:59
2565,5:02:55,183,03:03
2566,5:02:59,189,03:09
2567,5:03:02,189,03:09
2568,5:03:05,221,03:41
2569,5:03:09,199,03:19
2570,5:03:13,199,03:19
2571,5:03:16,203,03:23
2572,5:03:20,209,03:29
2573,5:03:23,213,03:33
2574,5:03:27,213,03:33
2575,5:03:31,219,03:39
2576,5:03:34,225,03:45
2577,5:03:37,225,03:45
2578,5:03:41,229,03:49
2579,5:03:45,235,03:55
2580,5:03:48,235,03:55
2581,5:03:51,239,03:59
2582,5:03:55,245,04:05
2583,5:03:58,249,04:09
2584,5:04:02,249,04:09
2585,5:04:06,255,04:15
2586,5:04:09,259,04:19
2587,5:04:12,259,04:19
2588,5:04:16,265,04:25
2589,5:04:19,269,04:29
2590,5:04:23,269,04:29
2591,5:04:26,275,04:35
2592,5:04:30,329,05:29
2593,5:04:33,329,05:29
2594,5:04:37,285,04:45
2595,5:04:40,289,04:49
2596,5:04:44,295,04:55
2597,5:04:47,295,04:55
2598,5:04:50,299,04:59
2599,5:04:54,305,05:05
2600,5:04:57,305,05:05
2601,5:05:01,309,05:09
2602,5:05:04,334,05:34
2603,5:05:08,334,05:34
2604,5:05:16,325,05:25
2605,5:05:19,329,05:29
2606,5:05:22,329,05:29
2607,5:05:26,335,05:35
2608,5:05:36,345,05:45
2609,5:05:40,351,05:51
2610,5:05:43,351,05:51
2611,5:05:47,355,05:55
2612,5:05:50,361,06:01
2613,5:05:54,361,06:01
2614,5:05:57,365,06:05
2615,5:06:01,371,06:11
2616,5:06:04,371,06:11
2617,5:06:07,375,06:15
2618,5:06:14,385,06:25
2619,5:06:18,385,06:25
2620,5:06:25,663,11:03
2621,5:06:29,663,11:03
2622,5:06:36,1864,31:04
2623,5:06:47,415,06:55
2624,5:07:08,3,00:03
2625,5:07:26,0,00:00
2626,5:07:30,0,00:00
2627,5:07:37,0,00:00
2628,5:07:47,0,00:00
2629,5:07:51,4,00:04
2630,5:07:55,4,00:04
2631,5:08:02,0,00:00
2632,5:08:06,8,00:08
2633,5:08:09,8,00:08
2634,5:08:27,0,00:00
2635,5:08:31,4,00:04
2636,5:08:35,4,00:04
2637,5:08:38,10,00:10
2638,5:08:42,21,00:21
2639,5:08:45,21,00:21
2640,5:08:49,20,00:20
2641,5:08:53,24,00:24
2642,5:08:56,83,01:23
2643,5:09:00,83,01:23
2644,5:09:03,34,00:34
2645,5:09:07,40,00:40
2646,5:09:11,40,00:40
2647,5:09:15,44,00:44
2648,5:09:18,50,00:50
2649,5:09:22,58,00:58
2650,5:09:26,58,00:58
2651,5:09:29,60,01:00
2652,5:09:33,66,01:06
2653,5:09:37,70,01:10
2654,5:09:41,70,01:10
2655,5:09:45,101,01:41
2656,5:09:49,102,01:42
2657,5:09:52,86,01:26
2658,5:09:56,86,01:26
2659,5:09:59,140,02:20
2660,5:10:02,96,01:36
2661,5:10:06,96,01:36
2662,5:10:10,100,01:40
2663,5:10:13,106,01:46
2664,5:10:17,110,01:50
2665,5:10:20,110,01:50
2666,5:10:35,2,00:02
2667,5:10:46,3,00:03
2668,5:10:49,7,00:07
2669,5:10:53,43,00:43
2670,5:10:56,43,00:43
2671,5:11:00,17,00:17
2672,5:11:04,28,00:28
2673,5:11:07,29,00:29
2674,5:11:11,29,00:29
2675,5:11:15,83,01:23
2676,5:11:18,39,00:39
2677,5:11:22,39,00:39
2678,5:11:25,43,00:43
2679,5:11:29,49,00:49
2680,5:11:33,53,00:53
2681,5:11:36,53,00:53
2682,5:11:40,59,00:59
2683,5:11:44,60,01:00
2684,5:11:47,69,01:09
2685,5:11:51,69,01:09
2686,5:11:54,81,01:21
2687,5:11:58,79,01:19
2688,5:12:02,79,01:19
2689,5:12:05,102,01:42
2690,5:12:09,102,01:42
2691,5:12:12,102,01:42
2692,5:12:16,93,01:33
2693,5:12:20,99,01:39
2694,5:12:23,103,01:43
2695,5:12:27,103,01:43
2696,5:12:31,104,01:44
2697,5:12:34,105,01:45
2698,5:12:38,105,01:45
2699,5:12:41,105,01:45
2700,5:12:45,128,02:08
2701,5:12:48,129,02:09
2702,5:12:51,129,02:09
2703,5:12:55,155,02:35
2704,5:12:58,169,02:49
2705,5:13:01,169,02:49
2706,5:13:05,145,02:25
2707,5:13:08,149,02:29
2708,5:13:12,149,02:29
2709,5:13:15,155,02:35
2710,5:13:19,159,02:39
2711,5:13:22,159,02:39
2712,5:13:25,165,02:45
2713,5:13:29,163,02:43
2714,5:13:32,163,02:43
2715,5:13:36,175,02:55
2716,5:13:40,179,02:59
2717,5:13:43,179,02:59
2718,5:13:47,185,03:05
2719,5:13:50,183,03:03
2720,5:13:54,195,03:15
2721,5:13:58,195,03:15
2722,5:14:05,205,03:25
2723,5:14:08,205,03:25
2724,5:14:12,209,03:29
2725,5:14:15,265,04:25
2726,5:14:19,263,04:23
2727,5:14:22,263,04:23
2728,5:14:25,225,03:45
2729,5:14:29,229,03:49
2730,5:14:33,229,03:49
2731,5:14:36,235,03:55
2732,5:14:40,233,03:53
2733,5:14:43,233,03:53
2734,5:14:47,245,04:05
2735,5:14:50,251,04:11
2736,5:14:53,251,04:11
2737,5:14:57,285,04:45
2738,5:15:00,261,04:21
2739,5:15:03,261,04:21
2740,5:15:07,265,04:25
2741,5:15:10,271,04:31
2742,5:15:13,271,04:31
2743,5:15:17,275,04:35
2744,5:15:20,281,04:41
2745,5:15:24,281,04:41
2746,5:15:27,285,04:45
2747,5:15:31,291,04:51
2748,5:15:34,291,04:51
2749,5:15:38,293,04:53
2750,5:15:42,301,05:01
2751,5:15:45,305,05:05
2752,5:15:48,305,05:05
2753,5:15:52,311,05:11
2754,5:15:56,315,05:15
2755,5:15:59,315,05:15
2756,5:16:03,321,05:21
2757,5:16:06,325,05:25
2758,5:16:09,325,05:25
2759,5:16:13,331,05:31
2760,5:16:16,333,05:33
2761,5:16:20,387,06:27
2762,5:16:24,341,05:41
2763,5:16:27,345,05:45
2764,5:16:31,351,05:51
2765,5:16:34,351,05:51
2766,5:16:38,355,05:55
2767,5:16:41,361,06:01
2768,5:16:45,361,06:01
2769,5:16:48,367,06:07
2770,5:16:51,371,06:11
2771,5:16:55,371,06:11
2772,5:16:58,377,06:17
2773,5:17:02,381,06:21
2774,5:17:05,387,06:27
2775,5:17:09,387,06:27
2776,5:17:12,441,07:21
2777,5:17:16,397,06:37
2778,5:17:19,397,06:37
2779,5:17:23,374,06:14
2780,5:17:26,374,06:14
2781,5:17:30,374,06:14
2782,5:17:33,411,06:51
2783,5:17:37,417,06:57
2784,5:17:40,417,06:57
2785,5:17:44,421,07:01
2786,5:17:47,427,07:07
2787,5:17:51,431,07:11
2788,5:17:54,431,07:11
2789,5:17:58,437,07:17
2790,5:18:01,441,07:21
2791,5:18:05,441,07:21
2792,5:18:09,447,07:27
2793,5:18:12,451,07:31
2794,5:18:15,451,07:31
2795,5:18:19,457,07:37
2796,5:18:22,461,07:41
2797,5:18:25,461,07:41
2798,5:18:29,467,07:47
2799,5:18:32,473,07:53
2800,5:18:36,473,07:53
2801,5:18:39,477,07:57
2802,5:18:42,483,08:03
2803,5:18:46,483,08:03
2804,5:18:49,487,08:07
2805,5:18:53,493,08:13
2806,5:18:56,497,08:17
2807,5:19:00,497,08:17
2808,5:19:03,503,08:23
2809,5:19:13,513,08:33
2810,5:19:17,517,08:37
2811,5:19:20,517,08:37
2812,5:19:24,523,08:43
2813,5:19:27,527,08:47
2814,5:19:31,527,08:47
2815,5:19:34,533,08:53
2816,5:19:38,537,08:57
2817,5:19:41,537,08:57
2818,5:19:45,543,09:03
2819,5:19:48,547,09:07
2820,5:19:52,553,09:13
2821,5:19:55,553,09:13
2822,5:19:59,557,09:17
2823,5:20:02,563,09:23
2824,5:20:06,563,09:23
2825,5:20:10,563,09:23
2826,5:20:13,693,11:33
2827,5:20:16,693,11:33
2828,5:20:24,583,09:43
2829,5:20:27,589,09:49
2830,5:20:30,589,09:49
2831,5:20:46,660,11:00
2832,5:20:49,609,10:09
2833,5:21:00,661,11:01
2834,5:21:04,662,11:02
2835,5:21:07,662,11:02
2836,5:21:15,663,11:03
2837,5:21:19,639,10:39
2838,5:21:22,639,10:39
2839,5:21:26,643,10:43
2840,5:21:33,1865,31:05
2841,5:21:37,1865,31:05
2842,5:21:41,2465,41:05
2843,5:21:44,1852,30:52
2844,5:21:47,1852,30:52
2845,5:21:54,694,11:34
2846,5:22:10,672,11:12
2847,5:22:13,4652,17:32
2848,5:22:17,4652,17:32
2849,5:22:24,2,00:02
2850,5:22:28,2,00:02
2851,5:22:34,1,00:01
2852,5:22:38,1,00:01
2853,5:22:42,5,00:05
2854,5:22:46,11,00:11
2855,5:22:49,31,00:31
2856,5:22:53,31,00:31
2857,5:22:57,21,00:21
2858,5:23:00,25,00:25
2859,5:23:03,83,01:23
2860,5:23:07,83,01:23
2861,5:23:10,35,00:35
2862,5:23:13,41,00:41
2863,5:23:17,41,00:41
2864,5:23:20,45,00:45
2865,5:23:23,51,00:51
2866,5:23:27,51,00:51
2867,5:23:30,55,00:55
2868,5:23:34,61,01:01
2869,5:23:38,61,01:01
2870,5:23:42,65,01:05
2871,5:23:45,71,01:11
2872,5:23:49,105,01:45
2873,5:23:52,105,01:45
2874,5:23:56,81,01:21
2875,5:24:00,85,01:25
2876,5:24:04,85,01:25
2877,5:24:07,91,01:31
2878,5:24:11,97,01:37
2879,5:24:14,104,01:44
2880,5:24:17,104,01:44
2881,5:24:21,104,01:44
2882,5:24:32,117,01:57
2883,5:24:36,121,02:01
2884,5:24:39,121,02:01
2885,5:24:42,127,02:07
2886,5:24:46,131,02:11
2887,5:24:49,167,02:47
2888,5:24:53,167,02:47
2889,5:24:56,141,02:21
2890,5:25:00,142,02:22
2891,5:25:03,142,02:22
2892,5:25:07,201,03:21
2893,5:25:27,674,11:14
2894,5:25:31,711,11:51
2895,5:25:35,711,11:51
2896,5:25:38,703,11:43
2897,5:25:55,674,11:14
2898,5:25:58,674,11:14
2899,5:26:02,711,11:51
2900,5:26:06,703,11:43
2901,5:26:09,703,11:43
2902,5:26:26,703,11:43
2903,5:26:30,703,11:43
2904,5:26:34,711,11:51
2905,5:26:37,703,11:43
2906,5:26:48,253,04:13
2907,5:26:51,257,04:17
2908,5:26:55,257,04:17
2909,5:26:58,263,04:23
2910,5:27:02,267,04:27
2911,5:27:06,273,04:33
2912,5:27:09,273,04:33
2913,5:27:12,277,04:37
2914,5:27:16,288,04:48
2915,5:27:19,288,04:48
2916,5:27:23,44,00:44
2917,5:27:26,293,04:53
2918,5:27:29,293,04:53
2919,5:27:33,297,04:57
2920,5:27:36,183,03:03
2921,5:27:40,183,03:03
2922,5:27:47,0,00:00
2923,5:27:51,0,00:00
2924,5:27:54,6,00:06
2925,5:28:22,5,00:05
2926,5:28:26,5,00:05
2927,5:28:29,9,00:09
2928,5:28:33,21,00:21
2929,5:28:37,19,00:19
2930,5:28:41,19,00:19
2931,5:28:44,25,00:25
2932,5:28:48,29,00:29
2933,5:28:52,29,00:29
2934,5:28:55,35,00:35
2935,5:28:59,89,01:29
2936,5:29:03,45,00:45
2937,5:29:07,45,00:45
2938,5:29:10,49,00:49
2939,5:29:14,55,00:55
2940,5:29:18,59,00:59
2941,5:29:22,59,00:59
2942,5:29:25,65,01:05
2943,5:29:29,93,01:33
2944,5:29:32,293,04:53
2945,5:29:36,293,04:53
2946,5:29:40,101,01:41
2947,5:29:43,85,01:25
2948,5:29:47,85,01:25
2949,5:29:50,91,01:31
2950,5:29:54,95,01:35
2951,5:29:58,104,01:44
2952,5:30:01,104,01:44
2953,5:30:05,103,01:43
2954,5:30:09,111,01:51
2955,5:30:13,115,01:55
2956,5:30:17,115,01:55
2957,5:30:20,121,02:01
2958,5:30:24,125,02:05
2959,5:30:27,125,02:05
2960,5:30:31,131,02:11
2961,5:30:35,135,02:15
2962,5:30:39,141,02:21
2963,5:30:42,141,02:21
2964,5:30:46,132,02:12
2965,5:30:50,151,02:31
2966,5:30:53,265,04:25
2967,5:30:57,265,04:25
2968,5:31:00,134,02:14
2969,5:31:04,165,02:45
2970,5:31:07,165,02:45
2971,5:31:11,171,02:51
2972,5:31:15,175,02:55
2973,5:31:19,181,03:01
2974,5:31:22,181,03:01
2975,5:31:26,183,03:03
2976,5:31:29,191,03:11
2977,5:31:33,197,03:17
2978,5:31:37,197,03:17
2979,5:31:41,201,03:21
2980,5:31:44,203,03:23
2981,5:31:48,203,03:23
2982,5:31:51,261,04:21
2983,5:31:55,217,03:37
2984,5:31:58,221,03:41
2985,5:32:02,221,03:41
2986,5:32:05,227,03:47
2987,5:32:09,231,03:51
2988,5:32:12,231,03:51
2989,5:32:16,237,03:57
2990,5:32:19,241,04:01
2991,5:32:23,241,04:01
2992,5:32:27,247,04:07
2993,5:32:30,251,04:11
2994,5:32:34,257,04:17
2995,5:32:37,257,04:17
2996,5:32:41,642,10:42
2997,5:32:44,267,04:27
2998,5:32:48,267,04:27
2999,5:32:51,271,04:31
3000,5:32:54,277,04:37
3001,5:32:58,277,04:37
3002,5:33:01,281,04:41
3003,5:33:05,287,04:47
3004,5:33:09,287,04:47
3005,5:33:12,291,04:51
3006,5:33:16,297,04:57
3007,5:33:19,301,05:01
3008,5:33:23,301,05:01
3009,5:33:30,313,05:13
3010,5:33:33,313,05:13
3011,5:33:47,327,05:27
3012,5:33:51,653,10:53
3013,5:33:54,337,05:37
3014,5:33:58,337,05:37
3015,5:34:12,0,00:00
3016,5:34:22,2,00:02
3017,5:34:26,8,00:08
3018,5:34:29,8,00:08
3019,5:34:33,42,00:42
3020,5:34:51,2,00:02
3021,5:34:54,2,00:02
3022,5:34:58,6,00:06
3023,5:35:02,32,00:32
3024,5:35:05,604,10:04
3025,5:35:09,604,10:04
3026,5:35:13,22,00:22
3027,5:35:16,26,00:26
3028,5:35:19,26,00:26
3029,5:35:23,83,01:23
3030,5:35:26,38,00:38
3031,5:35:30,38,00:38
3032,5:35:34,42,00:42
3033,5:35:37,48,00:48
3034,5:35:40,52,00:52
3035,5:35:44,52,00:52
3036,5:35:47,58,00:58
3037,5:35:51,62,01:02
3038,5:35:55,62,01:02
3039,5:35:58,68,01:08
3040,5:36:02,72,01:12
3041,5:36:05,72,01:12
3042,5:36:09,78,01:18
3043,5:36:12,82,01:22
3044,5:36:16,88,01:28
3045,5:36:20,88,01:28
3046,5:36:24,92,01:32
3047,5:36:27,98,01:38
3048,5:36:38,108,01:48
3049,5:36:42,615,10:15
3050,5:36:46,615,10:15
3051,5:36:54,122,02:02
3052,5:36:57,620,10:20
3053,5:37:08,21,00:21
3054,5:37:23,623,10:23
3055,5:37:27,203,03:23
3056,5:37:31,203,03:23
3057,5:37:34,624,10:24
3058,5:37:38,168,02:48
3059,5:37:42,625,10:25
3060,5:37:46,625,10:25
3061,5:37:49,625,10:25
3062,5:37:53,190,03:10
3063,5:37:56,190,03:10
3064,5:38:00,190,03:10
3065,5:38:03,194,03:14
3066,5:38:07,228,03:48
3067,5:38:11,228,03:48
3068,5:38:14,504,08:24
3069,5:38:18,632,10:32
3070,5:38:21,632,10:32
3071,5:38:25,633,10:33
3072,5:38:28,218,03:38
3073,5:38:32,524,08:44
3074,5:38:36,524,08:44
3075,5:38:39,634,10:34
3076,5:38:43,234,03:54
3077,5:38:47,234,03:54
3078,5:38:51,635,10:35
3079,5:38:55,244,04:04
3080,5:38:58,640,10:40
3081,5:39:02,640,10:40
3082,5:39:06,641,10:41
3083,5:39:09,260,04:20
3084,5:39:13,642,10:42
3085,5:39:17,642,10:42
3086,5:39:21,270,04:30
3087,5:39:24,274,04:34
3088,5:39:35,644,10:44
3089,5:39:39,290,04:50
3090,5:39:42,294,04:54
3091,5:39:46,294,04:54
3092,5:39:53,304,05:04
3093,5:39:56,304,05:04
3094,5:40:03,314,05:14
3095,5:40:07,314,05:14
3096,5:40:11,2662,44:22
3097,5:40:25,334,05:34
3098,5:40:36,344,05:44
3099,5:40:39,350,05:50
3100,5:40:43,354,05:54
3101,5:40:46,354,05:54
3102,5:40:50,360,06:00
3103,5:40:53,364,06:04
3104,5:40:57,364,06:04
3105,5:41:00,661,11:01
3106,5:41:11,662,11:02
3107,5:41:15,386,06:26
3108,5:41:18,390,06:30
3109,5:41:22,390,06:30
3110,5:41:26,663,11:03
3111,5:41:36,664,11:04
3112,5:41:46,665,11:05
3113,5:41:50,670,11:10
3114,5:41:53,670,11:10
3115,5:42:00,1870,31:10
3116,5:42:11,672,11:12
3117,5:42:21,633,10:33
3118,5:42:24,673,11:13
3119,5:42:28,673,11:13
3120,5:42:49,482,08:02
3121,5:42:53,482,08:02
3122,5:42:56,486,08:06
3123,5:43:00,681,11:21
3124,5:43:04,681,11:21
3125,5:43:22,5,00:05
3126,5:43:26,9,00:09
3127,5:43:29,9,00:09
3128,5:43:32,15,00:15
3129,5:43:36,29,00:29
3130,5:43:40,25,00:25
3131,5:43:43,25,00:25
3132,5:43:47,12,00:12
3133,5:43:51,85,01:25
3134,5:43:55,85,01:25
3135,5:43:58,89,01:29
3136,5:44:02,45,00:45
3137,5:44:05,49,00:49
3138,5:44:09,49,00:49
3139,5:44:12,55,00:55
3140,5:44:16,59,00:59
3141,5:44:20,59,00:59
3142,5:44:23,65,01:05
3143,5:44:27,69,01:09
3144,5:44:30,104,01:44
3145,5:44:34,104,01:44
3146,5:44:37,79,01:19
3147,5:44:41,85,01:25
3148,5:44:45,85,01:25
3149,5:44:49,91,01:31
3150,5:44:53,95,01:35
3151,5:44:57,101,01:41
3152,5:45:01,105,01:45
3153,5:45:04,105,01:45
3154,5:45:08,111,01:51
3155,5:45:12,115,01:55
3156,5:45:16,121,02:01
3157,5:45:20,121,02:01
3158,5:45:23,125,02:05
3159,5:45:27,131,02:11
3160,5:45:31,131,02:11
3161,5:45:34,135,02:15
3162,5:45:38,141,02:21
3163,5:45:42,145,02:25
3164,5:45:46,145,02:25
3165,5:45:50,151,02:31
3166,5:45:53,205,03:25
3167,5:45:57,161,02:41
3168,5:46:01,165,02:45
3169,5:46:04,165,02:45
3170,5:46:08,171,02:51
3171,5:46:12,175,02:55
3172,5:46:16,175,02:55
3173,5:46:19,181,03:01
3174,5:46:23,185,03:05
3175,5:46:27,191,03:11
3176,5:46:31,191,03:11
3177,5:46:34,195,03:15
3178,5:46:38,201,03:21
3179,5:46:41,207,03:27
3180,5:46:45,207,03:27
3181,5:46:48,211,03:31
3182,5:46:52,217,03:37
3183,5:46:56,217,03:37
3184,5:47:00,194,03:14
3185,5:47:03,494,08:14
3186,5:47:07,231,03:51
3187,5:47:11,231,03:51
3188,5:47:15,237,03:57
3189,5:47:19,241,04:01
3190,5:47:22,247,04:07
3191,5:47:26,247,04:07
3192,5:47:30,281,04:41
3193,5:47:33,287,04:47
3194,5:47:37,261,04:21
3195,5:47:41,261,04:21
3196,5:47:45,267,04:27
3197,5:47:48,271,04:31
3198,5:47:52,273,04:33
3199,5:47:56,273,04:33
3200,5:48:00,281,04:41
3201,5:48:04,287,04:47
3202,5:48:07,291,04:51
3203,5:48:11,291,04:51
3204,5:48:14,297,04:57
3205,5:48:18,301,05:01
3206,5:48:21,301,05:01
3207,5:48:28,313,05:13
3208,5:48:32,313,05:13
3209,5:48:36,317,05:17
3210,5:48:39,323,05:23
3211,5:48:50,333,05:33
3212,5:49:01,654,10:54
3213,5:49:08,2,00:02
3214,5:49:11,2,00:02
3215,5:49:15,6,00:06
3216,5:49:19,41,00:41
3217,5:49:22,41,00:41
3218,5:49:26,41,00:41
3219,5:49:51,5,00:05
3220,5:50:06,3,00:03
3221,5:50:09,9,00:09
3222,5:50:13,13,00:13
3223,5:50:17,13,00:13
3224,5:50:21,41,00:41
3225,5:50:36,2,00:02
3226,5:50:47,2,00:02
3227,5:50:55,2,00:02
3228,5:50:58,2,00:02
3229,5:51:05,0,00:00
3230,5:51:17,2,00:02
3231,5:51:20,4,00:04
3232,5:51:24,12,00:12
3233,5:51:28,12,00:12
3234,5:51:31,16,00:16
3235,5:51:35,22,00:22
3236,5:51:38,22,00:22
3237,5:51:42,26,00:26
3238,5:51:45,82,01:22
3239,5:51:49,82,01:22
3240,5:51:52,86,01:26
3241,5:51:56,42,00:42
3242,5:51:59,46,00:46
3243,5:52:03,46,00:46
3244,5:52:06,52,00:52
3245,5:52:17,0,00:00
3246,5:52:21,6,00:06
3247,5:52:43,4,00:04
3248,5:52:47,8,00:08
3249,5:52:50,14,00:14
3250,5:52:54,14,00:14
3251,5:52:58,18,00:18
3252,5:53:01,24,00:24
3253,5:53:05,12,00:12
3254,5:53:09,12,00:12
3255,5:53:13,84,01:24
3256,5:53:16,33,00:33
3257,5:53:19,33,00:33
3258,5:53:23,44,00:44
3259,5:53:27,43,00:43
3260,5:53:31,54,00:54
3261,5:53:35,54,00:54
3262,5:53:38,58,00:58
3263,5:53:42,60,01:00
3264,5:53:46,63,01:03
3265,5:53:49,63,01:03
3266,5:53:53,104,01:44
3267,5:53:57,108,01:48
3268,5:54:00,84,01:24
3269,5:54:04,84,01:24
3270,5:54:07,88,01:28
3271,5:54:11,144,02:24
3272,5:54:14,144,02:24
3273,5:54:18,100,01:40
3274,5:54:22,104,01:44
3275,5:54:25,110,01:50
3276,5:54:29,110,01:50
3277,5:54:32,114,01:54
3278,5:54:36,120,02:00
3279,5:54:40,120,02:00
3280,5:54:43,124,02:04
3281,5:54:47,126,02:06
3282,5:54:50,126,02:06
3283,5:54:54,134,02:14
3284,5:54:58,140,02:20
3285,5:55:01,144,02:24
3286,5:55:05,144,02:24
3287,5:55:09,150,02:30
3288,5:55:13,264,04:24
3289,5:55:16,160,02:40
3290,5:55:20,160,02:40
3291,5:55:24,164,02:44
3292,5:55:28,170,02:50
3293,5:55:32,174,02:54
3294,5:55:35,174,02:54
3295,5:55:39,190,03:10
3296,5:55:43,184,03:04
3297,5:55:47,190,03:10
3298,5:55:50,190,03:10
3299,5:55:54,551,09:11
3300,5:55:58,202,03:22
3301,5:56:02,206,03:26
3302,5:56:05,206,03:26
3303,5:56:09,260,04:20
3304,5:56:13,216,03:36
3305,5:56:16,218,03:38
3306,5:56:20,220,03:40
3307,5:56:23,226,03:46
3308,5:56:26,245,04:05
3309,5:56:30,245,04:05
3310,5:56:34,236,03:56
3311,5:56:37,240,04:00
3312,5:56:41,240,04:00
3313,5:56:44,248,04:08
3314,5:56:48,250,04:10
3315,5:56:52,288,04:48
3316,5:56:55,288,04:48
3317,5:56:59,260,04:20
3318,5:57:03,266,04:26
3319,5:57:07,266,04:26
3320,5:57:10,270,04:30
3321,5:57:14,328,05:28
3322,5:57:18,280,04:40
3323,5:57:21,280,04:40
3324,5:57:25,288,04:48
3325,5:57:28,290,04:50
3326,5:57:32,296,04:56
3327,5:57:36,296,04:56
3328,5:57:40,300,05:00
3329,5:57:43,308,05:08
3330,5:57:47,308,05:08
3331,5:57:50,340,05:40
3332,5:57:53,316,05:16
3333,5:57:57,316,05:16
3334,5:58:00,312,05:12
3335,5:58:04,326,05:26
3336,5:58:07,382,06:22
3337,5:58:10,382,06:22
3338,5:58:14,336,05:36
3339,5:58:18,314,05:14
3340,5:58:21,314,05:14
3341,5:58:25,314,05:14
3342,5:58:38,362,06:02
3343,5:58:42,362,06:02
3344,5:58:46,366,06:06
3345,5:58:49,372,06:12
3346,5:58:53,376,06:16
3347,5:58:56,376,06:16
3348,5:58:59,382,06:22
3349,5:59:03,386,06:26
3350,5:59:06,386,06:26
3351,5:59:10,392,06:32
3352,5:59:24,406,06:46
3353,5:59:39,630,10:30
3354,5:59:43,630,10:30
3355,5:59:46,670,11:10
3356,5:59:50,671,11:11
3357,5:59:54,438,07:18
3358,5:59:57,438,07:18
3359,6:00:05,448,07:28
3360,6:00:08,452,07:32
3361,6:00:12,452,07:32
3362,6:00:15,673,11:13
3363,6:00:19,634,10:34
3364,6:00:22,634,10:34
3365,6:00:41,2,00:02
3366,6:00:45,8,00:08
3367,6:00:49,8,00:08
3368,6:00:52,12,00:12
3369,6:00:56,18,00:18
3370,6:01:00,22,00:22
3371,6:01:04,22,00:22
3372,6:01:08,28,00:28
3373,6:01:12,32,00:32
3374,6:01:16,38,00:38
3375,6:01:19,42,00:42
3376,6:01:23,42,00:42
3377,6:01:27,48,00:48
3378,6:01:31,52,00:52
3379,6:01:34,58,00:58
3380,6:01:38,58,00:58
3381,6:01:42,64,01:04
3382,6:01:46,68,01:08
3383,6:01:50,74,01:14
3384,6:01:53,74,01:14
3385,6:01:57,78,01:18
3386,6:02:01,84,01:24
3387,6:02:05,88,01:28
3388,6:02:08,88,01:28
3389,6:02:12,93,01:33
3390,6:02:16,93,01:33
